Timestamp,1. What is your current level of education? ,2. What is your gender? ,3. What is your primary field of study? ,4. Are you a domestic or foreign (international) student? ,5.  Are you currently working full-time or part-time while studying?,6. Which mode of education do you prefer?,7. Have you taken any online courses in the past year?,8(a) . What factors influence your choice of online  education?  (select all that apply),8(b).  What factors influence your choice of offline education?  (select all that apply),"9. How do you rate the effectiveness of online education on a scale of 1 to 5 (1 being ineffective, 5 being very effective)?",10. What challenges do you face in online education?  (select all that apply),11. How often do you engage with your instructors during online courses?,12. How satisfied are you with the quality of learning materials provided in online courses?,13. Do you feel that online education provides enough opportunities for collaboration and interaction with other students?,14. What benefits do you find in offline education compared to online education?  (select all that apply),"15. How satisfied are you with the availability of learning resources (labs, libraries) in offline education? ",16. How would you rate the classroom environment in terms of engagement and participation? ,17. Do you feel more motivated to study in an offline (in-person) setting compared to an online one? , 18.  Which mode of education has helped you achieve better grades or academic results?  ,"19. In your opinion, which mode of education, online or offline, better prepares you for getting a job?""  "
10/20/2024 22:41:42,Graduate,Male,data analytics,Foreign (International) student,Not working,Offline (In-person),No,"Convenience of location, Interaction with peers/instructors","Cost, Convenience of location",5,"Difficulty staying motivated, Lack of access to course materials",Sometimes,Satisfied,No,More engaging learning environment,Satisfied,Good,Neutral,Offline,Offline
10/20/2024 22:44:07,Graduate,Male,data analytics,Foreign (International) student,Not working,Online,No,Quality of education,Convenience of location,5,Lack of access to course materials,Rarely,Satisfied,No,"More engaging learning environment, More structured schedule",Satisfied,Good,Neutral,Offline,Offline
10/22/2024 9:37:38,Undergraduate,Male,data analytics,Foreign (International) student,Not working,Offline (In-person),No,"Convenience of location, Interaction with peers/instructors","Quality of education, Face-to-face interaction with instructors and peers",5,"Technical difficulties, Lack of access to course materials",Sometimes,Satisfied,No,"More engaging learning environment, Better access to facilities (labs, libraries, etc.)",Satisfied,Good,Neutral,Offline,Offline
10/22/2024 9:39:18,Undergraduate,Female,data analytics,Foreign (International) student,Full-time,Offline (In-person),No,"Convenience of location, Interaction with peers/instructors, Availability of courses","Cost, Quality of education, Face-to-face interaction with instructors and peers",3,"Difficulty staying motivated, Lack of access to course materials, Doubts remain unclear",Sometimes,Satisfied,Yes,"Easier to focus, More engaging learning environment, Better access to facilities (labs, libraries, etc.)",Neutral,Average,Neutral,Online,Online
10/22/2024 9:40:00,Graduate,Male,data analytics,Foreign (International) student,Full-time,Online,Yes,"Flexibility in schedule, Cost, Convenience of location, Avoiding travel/commute time","Quality of education, Face-to-face interaction with instructors and peers, Prefer in-person exams and assessments",5,Technical difficulties,Very often,Very satisfied,Yes,Better interaction with instructors,Neutral,Average,Strongly disagree,Online,Online
10/22/2024 9:42:46,Undergraduate,Female,data analytics,Foreign (International) student,Part-time,Offline (In-person),Yes,"Flexibility in schedule, Convenience of location",Availability of courses,3,"Lack of interaction with peers, Difficulty staying motivated",Sometimes,Unsatisfied,No,Better interaction with instructors,Very satisfied,Excellent,Agree,Offline,Offline
10/25/2024 12:17:21,Undergraduate,Male,business,Domestic student,Not working,Offline (In-person),Yes,"Flexibility in schedule, Convenience of location, Avoiding travel/commute time","Quality of education, Face-to-face interaction with instructors and peers",3,"Poor internet connection, Lack of interaction with peers, Difficulty staying motivated",Rarely,Unsatisfied,No,"Better interaction with instructors, Easier to focus, Better access to facilities (labs, libraries, etc.), More structured schedule",Satisfied,Good,Agree,Offline,Offline
10/25/2024 12:17:25,Graduate,Male,information & technology,Domestic student,Part-time,Offline (In-person),No,Avoiding travel/commute time,"Quality of education, Face-to-face interaction with instructors and peers",1,"Lack of interaction with peers, Difficulty staying motivated, Lack of access to course materials, Doubts remain unclear, Poor overall quality of education",Never,Very unsatisfied,No,"Better interaction with instructors, Easier to focus, More engaging learning environment, Better access to facilities (labs, libraries, etc.), More structured schedule",Very satisfied,Good,Strongly agree,Offline,Offline
10/25/2024 12:29:59,High School,Male,information & technology,Domestic student,Part-time,Offline (In-person),Yes,"Flexibility in schedule, Availability of courses, Avoiding travel/commute time","Quality of education, Face-to-face interaction with instructors and peers, Prefer in-person exams and assessments",3,"Lack of interaction with peers, Difficulty staying motivated",Rarely,Neutral,No,"Better interaction with instructors, More engaging learning environment, Better access to facilities (labs, libraries, etc.), More structured schedule",Satisfied,Good,Agree,Offline,Offline
10/25/2024 12:43:13,Graduate,Male,engineering,Foreign (International) student,Part-time,Online,Yes,"Flexibility in schedule, Convenience of location, Availability of courses, Avoiding travel/commute time","Quality of education, Face-to-face interaction with instructors and peers",4,"Poor internet connection, Lack of interaction with peers, Technical difficulties, Doubts remain unclear",Sometimes,Satisfied,Yes,Better interaction with instructors,Satisfied,Good,Agree,Online,Online
10/25/2024 12:55:38,Undergraduate,Male,information & technology,Foreign (International) student,Not working,Offline (In-person),No,I really don't like online classes ,"Quality of education, Face-to-face interaction with instructors and peers, Prefer in-person exams and assessments",3,"Lack of interaction with peers, Difficulty staying motivated, Doubts remain unclear",Sometimes,Neutral,No,"Better interaction with instructors, Easier to focus, More engaging learning environment, Better access to facilities (labs, libraries, etc.), More structured schedule, Doubt clarity",Very satisfied,Excellent,Strongly agree,Offline,Offline
10/25/2024 13:14:32,Undergraduate,Female,information & technology,Domestic student,Full-time,Online,Yes,"Flexibility in schedule, Cost, Convenience of location, Quality of education, Availability of courses, Avoiding travel/commute time",Face-to-face interaction with instructors and peers,5,I didn't face any challenges in online education,Sometimes,Very satisfied,Yes,"Better access to facilities (labs, libraries, etc.)",Very satisfied,Good,Strongly disagree,Online,Online
10/25/2024 13:24:32,Graduate,Female,other,Foreign (International) student,Full-time,Offline (In-person),No,"Flexibility in schedule, Cost, Convenience of location, Quality of education, Interaction with peers/instructors, Availability of courses, Avoiding travel/commute time","Flexibility in schedule, Cost, Convenience of location, Quality of education, Face-to-face interaction with instructors and peers, Availability of courses, Prefer in-person exams and assessments",3,"Poor internet connection, Lack of interaction with peers, Technical difficulties",Very often,Very satisfied,No,"Better interaction with instructors, Easier to focus, More engaging learning environment, Better access to facilities (labs, libraries, etc.), More structured schedule, Doubt clarity",Very satisfied,Excellent,Strongly agree,Offline,Offline
10/25/2024 13:27:28,Undergraduate,Male,information & technology,Foreign (International) student,Not working,Offline (In-person),Yes,"Flexibility in schedule, Avoiding travel/commute time",Availability of courses,5,Doubts remain unclear,Never,Neutral,Yes,"Better interaction with instructors, Easier to focus",Neutral,Average,Disagree,Offline,Offline
10/25/2024 13:33:58,Undergraduate,Male,information & technology,Domestic student,Not working,Online,Yes,"Flexibility in schedule, Convenience of location, Avoiding travel/commute time, 3 hour scheduled classes are often 1 hour, massive time waste to commute","Quality of education, Face-to-face interaction with instructors and peers, Availability of courses, Prefer in-person exams and assessments",3,"Difficulty staying motivated, Doubts remain unclear",Rarely,Neutral,No,"Better interaction with instructors, Easier to focus, More engaging learning environment, Better access to facilities (labs, libraries, etc.), Doubt clarity",Very satisfied,Good,Strongly agree,Offline,Offline
10/25/2024 13:35:27,Graduate,Male,data analytics,Domestic student,Part-time,Offline (In-person),Yes,"Flexibility in schedule, Cost, ","Quality of education, Face-to-face interaction with instructors and peers, Availability of courses",1,"Lack of interaction with peers, Difficulty staying motivated, Technical difficulties, Lack of access to course materials, Doubts remain unclear, Professors getting interrupted during lecture from children and partner, professor barley teaching and constantly offloading course material from cisco linkd in and other websites. ",Sometimes,Unsatisfied,No,"Better interaction with instructors, Easier to focus, More engaging learning environment, Better access to facilities (labs, libraries, etc.), More structured schedule",Satisfied,Good,Strongly agree,Offline,Offline
10/25/2024 13:50:15,Graduate,Male,information & technology,Domestic student,Not working,Online,No,"Flexibility in schedule, Cost, Convenience of location, Avoiding travel/commute time",Availability of courses,4,"Lack of interaction with peers, Difficulty staying motivated",Rarely,Satisfied,No,"Better interaction with instructors, Easier to focus, Better access to facilities (labs, libraries, etc.), More structured schedule",Satisfied,Average,Agree,Online,Offline
10/25/2024 14:21:13,Graduate,Male,business,Domestic student,Part-time,Online,Yes,"Flexibility in schedule, Convenience of location, Quality of education, Interaction with peers/instructors, Availability of courses, Avoiding travel/commute time",Face-to-face interaction with instructors and peers,5,Doubts remain unclear,Sometimes,Very satisfied,Yes,"Better interaction with instructors, Better access to facilities (labs, libraries, etc.)",Satisfied,Good,Disagree,Online,Online
10/25/2024 17:56:34,Undergraduate,Male,information & technology,Foreign (International) student,Full-time,Online,Yes,"Flexibility in schedule, Quality of education, Availability of courses","Cost, Convenience of location, Face-to-face interaction with instructors and peers",5,Lack of interaction with peers,Very often,Very satisfied,Yes,Doubt clarity,Neutral,Average,Neutral,Online,Online
10/25/2024 18:01:12,Undergraduate,Male,information & technology,Foreign (International) student,Not working,Online,Yes,"Flexibility in schedule, Availability of courses, Avoiding travel/commute time",Face-to-face interaction with instructors and peers,4,"Poor internet connection, Technical difficulties, It's harder to ask instructors problems, since they would leave the online secession before the class time is over",Sometimes,Satisfied,Yes,"Better interaction with instructors, More engaging learning environment, Better access to facilities (labs, libraries, etc.)",Very satisfied,Excellent,Neutral,Offline,Offline
10/25/2024 20:13:36,Graduate,Male,information & technology,Foreign (International) student,Part-time,Online,No,"Flexibility in schedule, Cost, Convenience of location, Availability of courses, Avoiding travel/commute time","Quality of education, Face-to-face interaction with instructors and peers, Prefer in-person exams and assessments",5,"Lack of interaction with peers, Lack of access to course materials",Sometimes,Very satisfied,Yes,"Better interaction with instructors, More engaging learning environment, Better access to facilities (labs, libraries, etc.)",Unsatisfied,Average,Neutral,Online,Online
10/25/2024 22:13:50,Undergraduate,Male,information & technology,Foreign (International) student,Part-time,Offline (In-person),No,"Flexibility in schedule, Cost, Convenience of location, Quality of education, Interaction with peers/instructors, Availability of courses, Avoiding travel/commute time","Quality of education, Face-to-face interaction with instructors and peers",5,Difficulty staying motivated,Very often,Very satisfied,Yes,"Easier to focus, More engaging learning environment, Better access to facilities (labs, libraries, etc.)",Satisfied,Excellent,Strongly agree,Online,Offline
10/26/2024 3:06:17,Graduate,Female,data analytics,Foreign (International) student,Not working,Online,Yes,"Flexibility in schedule, Convenience of location, Quality of education, Interaction with peers/instructors, Availability of courses, Avoiding travel/commute time",Prefer in-person exams and assessments,4,Doubts remain unclear,Very often,Satisfied,Yes,"More structured schedule, Doubt clarity",Neutral,Good,Neutral,Offline,Online
10/26/2024 11:35:22,Graduate,Female,information & technology,Foreign (International) student,Part-time,Offline (In-person),Yes,"Convenience of location, Avoiding travel/commute time","Quality of education, Face-to-face interaction with instructors and peers, Availability of courses, Prefer in-person exams and assessments",3,"Poor internet connection, Lack of interaction with peers, Technical difficulties, Doubts remain unclear",Sometimes,Satisfied,No,"Better interaction with instructors, Easier to focus, More engaging learning environment, Better access to facilities (labs, libraries, etc.), More structured schedule, Doubt clarity",Satisfied,Excellent,Agree,Offline,Offline
10/26/2024 12:25:09,Undergraduate,Male,information & technology,Domestic student,Full-time,Offline (In-person),Yes,Flexibility in schedule,"Convenience of location, Quality of education, Face-to-face interaction with instructors and peers, Availability of courses, Prefer in-person exams and assessments",1,"Lack of interaction with peers, Difficulty staying motivated, Technical difficulties, Lack of access to course materials, Doubts remain unclear",Sometimes,Very unsatisfied,No,"Better interaction with instructors, Easier to focus, More engaging learning environment, Better access to facilities (labs, libraries, etc.), More structured schedule",Satisfied,Excellent,Strongly agree,Offline,Offline
10/26/2024 12:57:42,Graduate,Male,data analytics,Foreign (International) student,Not working,Offline (In-person),No,Flexibility in schedule,"Flexibility in schedule, Convenience of location, Quality of education, Face-to-face interaction with instructors and peers",1,"Poor internet connection, Lack of interaction with peers, Difficulty staying motivated, Doubts remain unclear",Sometimes,Unsatisfied,No,"Better interaction with instructors, Easier to focus, More engaging learning environment, Better access to facilities (labs, libraries, etc.), More structured schedule",Very satisfied,Excellent,Agree,Offline,Offline
10/26/2024 17:55:48,Graduate,Female,data analytics,Foreign (International) student,Part-time,Offline (In-person),Yes,"Flexibility in schedule, Cost, Availability of courses, Avoiding travel/commute time","Quality of education, Face-to-face interaction with instructors and peers, Prefer in-person exams and assessments",3,"Lack of interaction with peers, Technical difficulties",Rarely,Neutral,No,"Better interaction with instructors, Easier to focus, Better access to facilities (labs, libraries, etc.), Doubt clarity",Satisfied,Excellent,Agree,Offline,Offline
10/27/2024 0:14:35,Graduate,Male,information & technology,Foreign (International) student,Not working,Offline (In-person),No,"Flexibility in schedule, Cost, Convenience of location, Avoiding travel/commute time","Quality of education, Face-to-face interaction with instructors and peers, Availability of courses, Prefer in-person exams and assessments",3,"Lack of interaction with peers, Difficulty staying motivated, Technical difficulties, Doubts remain unclear",Very often,Neutral,No,"Better interaction with instructors, Easier to focus, More engaging learning environment, Better access to facilities (labs, libraries, etc.), More structured schedule, Doubt clarity",Very satisfied,Good,Agree,Offline,Offline
10/27/2024 12:03:48,Graduate,Male,engineering,Foreign (International) student,Part-time,Offline (In-person),Yes,"Flexibility in schedule, Cost, Avoiding travel/commute time","Quality of education, Face-to-face interaction with instructors and peers, Prefer in-person exams and assessments, Study Environment is better inperson",2,"Lack of interaction with peers, Difficulty staying motivated",Rarely,Neutral,No,"Better interaction with instructors, Easier to focus, More engaging learning environment",Neutral,Excellent,Strongly agree,Offline,Offline
10/27/2024 12:31:59,Graduate,Female,engineering,Domestic student,Not working,Offline (In-person),Yes,"Cost, Convenience of location, Quality of education, Interaction with peers/instructors, Availability of courses, Avoiding travel/commute time","Face-to-face interaction with instructors and peers, Prefer in-person exams and assessments",3,"Lack of interaction with peers, Difficulty staying motivated",Sometimes,Satisfied,Yes,"Better interaction with instructors, Easier to focus, More engaging learning environment",Satisfied,Good,Strongly agree,Offline,Online
10/27/2024 13:41:41,Undergraduate,Male,other,Domestic student,Part-time,Online,Yes,"Flexibility in schedule, Cost, Convenience of location, Avoiding travel/commute time","Quality of education, Face-to-face interaction with instructors and peers",4,"Can’t talk directly to professor. Have to email them to communicate and if I want to speak with them have to schedule a MS Teams call. Overall, it’s a bit of delayed communication, especially with certain professors who don’t respond to emails for days or weeks.",Very often,Very satisfied,Yes,"Better interaction with instructors, Easier to focus, More engaging learning environment, Better access to facilities (labs, libraries, etc.)",Neutral,Excellent,Strongly agree,Offline,Offline
10/27/2024 19:14:51,Graduate,Female,other,Domestic student,Full-time,Online,Yes,"Flexibility in schedule, Convenience of location, Avoiding travel/commute time, Recorded lectures",Availability of courses,5,Unrecorded lectures,Sometimes,Very satisfied,Yes,Doubt clarity,Very satisfied,Average,Agree,Offline,Offline
10/27/2024 19:39:02,Undergraduate,Female,business,Domestic student,Not working,Online,No,"Flexibility in schedule, Convenience of location, Availability of courses, Avoiding travel/commute time","Face-to-face interaction with instructors and peers, Prefer in-person exams and assessments",5,"Difficulty staying motivated, Doubts remain unclear",Sometimes,Very satisfied,Yes,"Better interaction with instructors, Easier to focus, Doubt clarity",Satisfied,Good,Agree,Offline,Offline
10/28/2024 12:05:03,High School,Female,information & technology,Domestic student,Part-time,Offline (In-person),No,I have a disability that makes online classes untenable,"Flexibility in schedule, Convenience of location, Quality of education, Face-to-face interaction with instructors and peers, Prefer in-person exams and assessments",1,Difficulty staying motivated,Never,Very unsatisfied,No,"More engaging learning environment, Better access to facilities (labs, libraries, etc.), More structured schedule, Doubt clarity",Satisfied,Good,Strongly agree,Offline,Offline
10/29/2024 10:01:34,Graduate,Male,information & technology,Foreign (International) student,Not working,Online,Yes,"Flexibility in schedule, Cost","Flexibility in schedule, Cost",5,"Poor internet connection, Lack of interaction with peers, Difficulty staying motivated",Sometimes,Satisfied,Yes,"Better interaction with instructors, Easier to focus, More engaging learning environment",Satisfied,Excellent,Strongly agree,Online,Online
10/29/2024 10:11:22,Graduate,Male,other,Foreign (International) student,Full-time,Online,Yes,"Flexibility in schedule, Convenience of location, Interaction with peers/instructors, Avoiding travel/commute time","Convenience of location, Face-to-face interaction with instructors and peers, Availability of courses",4,Technical difficulties,Sometimes,Satisfied,Yes,"Better access to facilities (labs, libraries, etc.)",Satisfied,Good,Neutral,Online,Online
10/29/2024 13:24:23,Graduate,Female,information & technology,Foreign (International) student,Full-time,Offline (In-person),Yes,"Flexibility in schedule, Avoiding travel/commute time","Quality of education, Face-to-face interaction with instructors and peers, Availability of courses, Prefer in-person exams and assessments",2,"Poor internet connection, Lack of interaction with peers, Technical difficulties",Sometimes,Satisfied,No,"Better interaction with instructors, Easier to focus, More engaging learning environment, Better access to facilities (labs, libraries, etc.), More structured schedule, Doubt clarity",Very satisfied,Excellent,Strongly agree,Offline,Offline
10/29/2024 13:24:50,Graduate,Female,information & technology,Foreign (International) student,Part-time,Online,Yes,"Flexibility in schedule, Cost, Convenience of location, Availability of courses, Avoiding travel/commute time","Face-to-face interaction with instructors and peers, Prefer in-person exams and assessments",5,Lack of interaction with peers,Sometimes,Satisfied,Yes,"Better interaction with instructors, Better access to facilities (labs, libraries, etc.), More structured schedule, Doubt clarity",Very satisfied,Excellent,Strongly agree,Offline,Online
10/29/2024 13:27:31,Graduate,Female,information & technology,Foreign (International) student,Not working,Offline (In-person),Yes,"Flexibility in schedule, Avoiding travel/commute time","Quality of education, Face-to-face interaction with instructors and peers",3,"Poor internet connection, Lack of interaction with peers, Technical difficulties",Never,Neutral,No,"Better interaction with instructors, Easier to focus, More engaging learning environment, More structured schedule",Very satisfied,Average,Neutral,Offline,Offline
10/29/2024 13:27:38,Graduate,Male,other,Foreign (International) student,Part-time,Offline (In-person),Yes,"Flexibility in schedule, Cost, Quality of education, Interaction with peers/instructors, Availability of courses","Flexibility in schedule, Cost, Convenience of location, Quality of education, Face-to-face interaction with instructors and peers, Availability of courses",4,"Poor internet connection, Lack of interaction with peers, Technical difficulties, Doubts remain unclear",Rarely,Neutral,No,"Better interaction with instructors, Easier to focus, More engaging learning environment, Better access to facilities (labs, libraries, etc.)",Satisfied,Good,Agree,Offline,Offline
10/29/2024 13:28:01,Graduate,Male,other,Foreign (International) student,Part-time,Offline (In-person),Yes,"Flexibility in schedule, Cost, Convenience of location, Quality of education, Availability of courses, Avoiding travel/commute time","Flexibility in schedule, Cost, Convenience of location, Quality of education, Face-to-face interaction with instructors and peers, Availability of courses, Prefer in-person exams and assessments",4,"Poor internet connection, Lack of interaction with peers, Difficulty staying motivated, Technical difficulties",Sometimes,Satisfied,No,"Easier to focus, More engaging learning environment",Satisfied,Good,Agree,Offline,Offline
10/29/2024 13:28:10,Graduate,Female,data analytics,Foreign (International) student,Not working,Offline (In-person),Yes,"Flexibility in schedule, Cost, Convenience of location, Avoiding travel/commute time","Quality of education, Face-to-face interaction with instructors and peers, Availability of courses, Prefer in-person exams and assessments",3,"Poor internet connection, Lack of interaction with peers, Difficulty staying motivated, Technical difficulties",Sometimes,Satisfied,No,"Better interaction with instructors, Easier to focus, More engaging learning environment, Better access to facilities (labs, libraries, etc.), More structured schedule",Satisfied,Good,Agree,Offline,Offline
10/29/2024 13:32:37,Graduate,Female,information & technology,Foreign (International) student,Full-time,Offline (In-person),Yes,"Cost, Interaction with peers/instructors, Availability of courses, Avoiding travel/commute time","Convenience of location, Face-to-face interaction with instructors and peers, Prefer in-person exams and assessments",3,"Difficulty staying motivated, Technical difficulties",Rarely,Neutral,No,Doubt clarity,Neutral,Average,Agree,Offline,Offline
10/29/2024 13:49:42,Undergraduate,Female,information & technology,Domestic student,Part-time,Offline (In-person),Yes,"Flexibility in schedule, Convenience of location, Availability of courses","Quality of education, Face-to-face interaction with instructors and peers, Availability of courses, Prefer in-person exams and assessments",4,"Lack of interaction with peers, Difficulty staying motivated",Rarely,Satisfied,No,"Better interaction with instructors, Easier to focus, More engaging learning environment, More structured schedule",Very satisfied,Excellent,Agree,Offline,Offline
10/29/2024 14:04:17,Graduate,Female,information & technology,Foreign (International) student,Part-time,Offline (In-person),Yes,"Flexibility in schedule, Convenience of location, Avoiding travel/commute time","Quality of education, Face-to-face interaction with instructors and peers, Availability of courses, Prefer in-person exams and assessments",5,"Lack of interaction with peers, Technical difficulties, Doubts remain unclear",Never,Neutral,No,"Better interaction with instructors, Easier to focus, More engaging learning environment, More structured schedule, Doubt clarity",Satisfied,Good,Strongly agree,Offline,Offline
10/29/2024 14:07:24,Graduate,Male,data analytics,Foreign (International) student,Full-time,Offline (In-person),Yes,"Cost, Quality of education","Cost, Quality of education, Face-to-face interaction with instructors and peers",3,"Lack of interaction with peers, Difficulty staying motivated",Rarely,Neutral,No,"Better interaction with instructors, More structured schedule",Satisfied,Excellent,Strongly agree,Offline,Offline
10/29/2024 14:10:40,Graduate,Female,data analytics,Foreign (International) student,Full-time,Offline (In-person),No,"Flexibility in schedule, Availability of courses, Avoiding travel/commute time","Quality of education, Face-to-face interaction with instructors and peers, Availability of courses, Prefer in-person exams and assessments",3,"Lack of interaction with peers, Difficulty staying motivated",Never,Unsatisfied,No,"Better interaction with instructors, Easier to focus, More engaging learning environment, Better access to facilities (labs, libraries, etc.), More structured schedule",Satisfied,Good,Strongly agree,Offline,Offline
10/30/2024 18:39:04,Graduate,Female,other,Foreign (International) student,Part-time,Offline (In-person),No,"Convenience of location, Interaction with peers/instructors","Quality of education, Face-to-face interaction with instructors and peers",2,"Difficulty staying motivated, Lack of access to course materials",Rarely,Neutral,Yes,Doubt clarity,Neutral,Average,Disagree,Online,Online
10/30/2024 21:58:58,Graduate,Prefer not to say,other,Foreign (International) student,Part-time,Offline (In-person),Yes,"Flexibility in schedule, Cost",Convenience of location,1,Difficulty staying motivated,Never,Satisfied,No,Better interaction with instructors,Very satisfied,Excellent,Strongly agree,Offline,Offline
10/30/2024 22:23:10,High School,Male,other,Domestic student,Not working,Offline (In-person),Yes,"Flexibility in schedule, Interaction with peers/instructors, Avoiding travel/commute time, ","Quality of education, Face-to-face interaction with instructors and peers, Availability of courses, in person classes are much more engaging and easier to pay attention to, and people talk to each other in classes whereas in online classes people are less prone to ask the teacher questions and talk to each other",2,"Lack of interaction with peers, Difficulty staying motivated, very unengaging ",Rarely,Very satisfied,No,"Better interaction with instructors, Easier to focus, More engaging learning environment, Better access to facilities (labs, libraries, etc.), More structured schedule",Satisfied,Average,Strongly agree,Online,Offline
10/31/2024 11:51:20,Graduate,Female,data analytics,Domestic student,Part-time,Offline (In-person),Yes,"Flexibility in schedule, Convenience of location, Avoiding travel/commute time",Face-to-face interaction with instructors and peers,4,"Lack of interaction with peers, Difficulty staying motivated",Rarely,Satisfied,No,"Better interaction with instructors, Easier to focus, More engaging learning environment",Satisfied,Good,Agree,Offline,Online
11-03-2024 10:49,Graduate,Male,engineering,Foreign (International) student,Full-time,Offline (In-person),Yes,"Flexibility in schedule, Cost, Convenience of location, Avoiding travel/commute time","Quality of education, Face-to-face interaction with instructors and peers, Prefer in-person exams and assessments",3,"Lack of interaction with peers, Difficulty staying motivated, Technical difficulties, Doubts remain unclear",Sometimes,Neutral,No,"Better interaction with instructors, Easier to focus, More engaging learning environment, Better access to facilities (labs, libraries, etc.), Doubt clarity",Very satisfied,Excellent,Strongly agree,Offline,Offline
11-05-2024 09:22,Graduate,Female,information & technology,Foreign (International) student,Part-time,Offline (In-person),Yes,"Flexibility in schedule, Cost, Avoiding travel/commute time","Convenience of location, Quality of education, Face-to-face interaction with instructors and peers",2,"Poor internet connection, Lack of interaction with peers, Difficulty staying motivated, Technical difficulties",Rarely,Neutral,No,"Better interaction with instructors, Easier to focus, More engaging learning environment, Better access to facilities (labs, libraries, etc.), More structured schedule",Satisfied,Good,Strongly agree,Offline,Offline
11-05-2024 09:26,Graduate,Female,data analytics,Foreign (International) student,Part-time,Offline (In-person),Yes,"Flexibility in schedule, Avoiding travel/commute time","Quality of education, Face-to-face interaction with instructors and peers, Prefer in-person exams and assessments",1,"Lack of interaction with peers, Difficulty staying motivated, Technical difficulties, Doubts remain unclear",Rarely,Satisfied,No,"Better interaction with instructors, Easier to focus, More engaging learning environment, Better access to facilities (labs, libraries, etc.), More structured schedule, Doubt clarity",Very satisfied,Excellent,Agree,Offline,Offline
11-05-2024 09:48,Graduate,Male,business,Foreign (International) student,Not working,Online,No,"Flexibility in schedule, Convenience of location, Avoiding travel/commute time","Face-to-face interaction with instructors and peers, Prefer in-person exams and assessments",5,"Lack of interaction with peers, Doubts remain unclear",Sometimes,Very satisfied,Yes,"More structured schedule, Doubt clarity",Very satisfied,Excellent,Strongly agree,Online,Online
11-05-2024 09:48,Graduate,Male,business,Foreign (International) student,Not working,Online,Yes,Convenience of location,Face-to-face interaction with instructors and peers,5,Doubts remain unclear,Rarely,Neutral,Yes,Doubt clarity,Neutral,Average,Agree,Offline,Online
11-05-2024 09:49,Undergraduate,Male,business,Foreign (International) student,Part-time,Online,Yes,"Flexibility in schedule, Convenience of location, Avoiding travel/commute time","Quality of education, Face-to-face interaction with instructors and peers",4,"Poor internet connection, Technical difficulties",Sometimes,Satisfied,No,More structured schedule,Satisfied,Good,Neutral,Online,Online
11-05-2024 09:49,Graduate,Male,business,Foreign (International) student,Not working,Online,Yes,"Flexibility in schedule, Convenience of location","Quality of education, Face-to-face interaction with instructors and peers",4,Poor internet connection,Very often,Satisfied,No,Easier to focus,Satisfied,Good,Agree,Offline,Offline
11-05-2024 13:50,Graduate,Male,information & technology,Foreign (International) student,Not working,Offline (In-person),Yes,"Convenience of location, Avoiding travel/commute time","Quality of education, Face-to-face interaction with instructors and peers, Prefer in-person exams and assessments",2,"Poor internet connection, Lack of interaction with peers, Difficulty staying motivated, Technical difficulties",Sometimes,Neutral,No,"Better interaction with instructors, Easier to focus, More engaging learning environment, Doubt clarity",Very satisfied,Excellent,Agree,Offline,Offline
11-05-2024 13:51,Graduate,Male,data analytics,Foreign (International) student,Full-time,Offline (In-person),Yes,"Quality of education, Availability of courses",Cost,2,Lack of interaction with peers,Rarely,Neutral,No,"Better interaction with instructors, Easier to focus, More engaging learning environment, Better access to facilities (labs, libraries, etc.), More structured schedule",Very satisfied,Excellent,Strongly agree,Offline,Offline
11-05-2024 14:13,Graduate,Male,data analytics,Foreign (International) student,Full-time,Offline (In-person),No,"Flexibility in schedule, Cost, Convenience of location, Quality of education, Interaction with peers/instructors, Availability of courses, Avoiding travel/commute time, ","Flexibility in schedule, Cost, Convenience of location, Quality of education, Face-to-face interaction with instructors and peers, Availability of courses, Prefer in-person exams and assessments, ",1,"Poor internet connection, Lack of interaction with peers, Difficulty staying motivated, Technical difficulties, Lack of access to course materials, Doubts remain unclear, U",Very often,Very satisfied,No,Easier to focus,Very satisfied,Excellent,Strongly agree,Online,Online
11-05-2024 14:14,Graduate,Female,other,Foreign (International) student,Full-time,Offline (In-person),Yes,"Flexibility in schedule, Cost, Availability of courses, Avoiding travel/commute time","Flexibility in schedule, Cost, Convenience of location, Quality of education, Face-to-face interaction with instructors and peers, Availability of courses, Prefer in-person exams and assessments",3,"Poor internet connection, Lack of interaction with peers, Technical difficulties, Doubts remain unclear",Rarely,Neutral,No,"Better interaction with instructors, Easier to focus, More engaging learning environment, Better access to facilities (labs, libraries, etc.), Doubt clarity",Very satisfied,Excellent,Strongly agree,Offline,Offline
11-05-2024 14:14,Graduate,Female,information & technology,Foreign (International) student,Part-time,Offline (In-person),No,"Flexibility in schedule, Convenience of location, Availability of courses, Avoiding travel/commute time","Quality of education, Face-to-face interaction with instructors and peers, Prefer in-person exams and assessments",4,"Poor internet connection, Difficulty staying motivated, Technical difficulties, Lack of access to course materials, Doubts remain unclear",Very often,Neutral,Yes,"Better interaction with instructors, Easier to focus, More engaging learning environment, Better access to facilities (labs, libraries, etc.), More structured schedule, Doubt clarity",Very satisfied,Excellent,Strongly agree,Offline,Offline
11-05-2024 14:14,Graduate,Male,information & technology,Foreign (International) student,Part-time,Online,Yes,"Flexibility in schedule, Cost, Convenience of location, Quality of education",Flexibility in schedule,5,Poor internet connection,Very often,Very satisfied,Yes,Easier to focus,Very satisfied,Average,Strongly disagree,Online,Online
11-05-2024 14:15,Undergraduate,Female,data analytics,Foreign (International) student,Not working,Offline (In-person),Yes,"Flexibility in schedule, Convenience of location, Avoiding travel/commute time","Face-to-face interaction with instructors and peers, Availability of courses, Prefer in-person exams and assessments",3,"Lack of interaction with peers, Technical difficulties",Rarely,Satisfied,No,"Better interaction with instructors, Better access to facilities (labs, libraries, etc.), Doubt clarity",Neutral,Average,Neutral,Offline,Offline
11-05-2024 14:16,Graduate,Female,science,Foreign (International) student,Not working,Offline (In-person),Yes,"Flexibility in schedule, Convenience of location, Quality of education","Quality of education, Face-to-face interaction with instructors and peers, Availability of courses, Prefer in-person exams and assessments",4,"Poor internet connection, Lack of interaction with peers, Difficulty staying motivated, Technical difficulties, Lack of access to course materials, Doubts remain unclear",Sometimes,Satisfied,No,"Better interaction with instructors, Easier to focus, More engaging learning environment, Better access to facilities (labs, libraries, etc.), More structured schedule, Doubt clarity",Very satisfied,Excellent,Strongly agree,Offline,Offline
11-05-2024 14:16,Graduate,Female,data analytics,Foreign (International) student,Part-time,Offline (In-person),Yes,"Flexibility in schedule, Avoiding travel/commute time","Cost, Quality of education, Face-to-face interaction with instructors and peers, Availability of courses",3,"Poor internet connection, Lack of interaction with peers, Difficulty staying motivated, Technical difficulties, Doubts remain unclear",Very often,Neutral,No,"Better interaction with instructors, Easier to focus, More engaging learning environment, Better access to facilities (labs, libraries, etc.), Doubt clarity",Very satisfied,Excellent,Agree,Offline,Offline
11-05-2024 14:16,Undergraduate,Female,other,Foreign (International) student,Part-time,Offline (In-person),No,"Flexibility in schedule, Quality of education, Availability of courses","Flexibility in schedule, Quality of education, Face-to-face interaction with instructors and peers, Prefer in-person exams and assessments",5,"Difficulty staying motivated, Technical difficulties, Lack of access to course materials, Doubts remain unclear",Never,Satisfied,No,"Better interaction with instructors, Easier to focus, More engaging learning environment, Better access to facilities (labs, libraries, etc.), Doubt clarity",Satisfied,Good,Strongly agree,Online,Offline
11-05-2024 14:16,Graduate,Male,information & technology,Foreign (International) student,Part-time,Offline (In-person),Yes,"Flexibility in schedule, Cost, Convenience of location, Availability of courses","Quality of education, Face-to-face interaction with instructors and peers, Availability of courses, Prefer in-person exams and assessments",2,"Poor internet connection, Lack of interaction with peers, Difficulty staying motivated, Technical difficulties, Doubts remain unclear",Never,Unsatisfied,No,"Better interaction with instructors, Easier to focus, More engaging learning environment, Better access to facilities (labs, libraries, etc.), Doubt clarity",Satisfied,Excellent,Agree,Offline,Offline
11-05-2024 14:17,Graduate,Male,information & technology,Foreign (International) student,Not working,Offline (In-person),No,"Flexibility in schedule, Cost, Convenience of location, Quality of education, Interaction with peers/instructors, Availability of courses, Avoiding travel/commute time","Flexibility in schedule, Cost, Convenience of location, Quality of education, Face-to-face interaction with instructors and peers, Availability of courses, Prefer in-person exams and assessments",5,"Poor internet connection, Lack of interaction with peers, Difficulty staying motivated, Technical difficulties, Lack of access to course materials, Doubts remain unclear",Sometimes,Very unsatisfied,Yes,"Better interaction with instructors, Easier to focus, More engaging learning environment, Better access to facilities (labs, libraries, etc.), More structured schedule, Doubt clarity",Very unsatisfied,Very poor,Strongly disagree,Online,Offline
11-05-2024 14:17,Graduate,Male,engineering,Foreign (International) student,Not working,Online,Yes,"Flexibility in schedule, Convenience of location, Avoiding travel/commute time","Quality of education, Face-to-face interaction with instructors and peers, Availability of courses",4,"Poor internet connection, Lack of interaction with peers, Difficulty staying motivated, Technical difficulties",Never,Neutral,Yes,"Better interaction with instructors, Doubt clarity",Very satisfied,Good,Agree,Online,Offline
11-05-2024 14:25,Graduate,Female,science,Foreign (International) student,Part-time,Offline (In-person),No,Flexibility in schedule,"Quality of education, Face-to-face interaction with instructors and peers",1,"Lack of interaction with peers, Difficulty staying motivated",Never,Unsatisfied,No,"Better interaction with instructors, Easier to focus, More engaging learning environment, Better access to facilities (labs, libraries, etc.), More structured schedule, Doubt clarity",Very satisfied,Excellent,Strongly agree,Offline,Offline
11-05-2024 14:32,Graduate,Female,engineering,Foreign (International) student,Not working,Offline (In-person),No,"Flexibility in schedule, Convenience of location, Availability of courses","Quality of education, Face-to-face interaction with instructors and peers, Prefer in-person exams and assessments",4,"Lack of interaction with peers, Lack of access to course materials, Doubts remain unclear",Never,Neutral,No,"Better interaction with instructors, Easier to focus, More engaging learning environment, Better access to facilities (labs, libraries, etc.), More structured schedule, Doubt clarity",Very satisfied,Excellent,Strongly agree,Offline,Offline
11-05-2024 14:39,Graduate,Female,engineering,Foreign (International) student,Part-time,Offline (In-person),Yes,"Flexibility in schedule, Convenience of location, Quality of education, Availability of courses, Avoiding travel/commute time","Flexibility in schedule, Quality of education, Face-to-face interaction with instructors and peers, Availability of courses, Prefer in-person exams and assessments",5,"Poor internet connection, Lack of interaction with peers, Difficulty staying motivated",Sometimes,Satisfied,No,"Better interaction with instructors, Easier to focus, More engaging learning environment, Better access to facilities (labs, libraries, etc.), More structured schedule, Doubt clarity",Very satisfied,Excellent,Strongly agree,Offline,Offline
11-07-2024 20:21,Graduate,Male,data analytics,Foreign (International) student,Not working,Offline (In-person),Yes,Availability of courses,"Convenience of location, Quality of education, Face-to-face interaction with instructors and peers",2,Some courses have to be in person ,Rarely,Very unsatisfied,No,"Better interaction with instructors, Easier to focus, More engaging learning environment, Better access to facilities (labs, libraries, etc.), More structured schedule",Very satisfied,Excellent,Strongly agree,Offline,Online
11-07-2024 22:26,Graduate,Male,information & technology,Foreign (International) student,Not working,Offline (In-person),No,"Cost, Avoiding travel/commute time","Convenience of location, Quality of education, Face-to-face interaction with instructors and peers, Prefer in-person exams and assessments",2,"Poor internet connection, Lack of interaction with peers, Difficulty staying motivated, Technical difficulties, Lack of access to course materials, Doubts remain unclear",Rarely,Neutral,No,"Better interaction with instructors, Easier to focus, More engaging learning environment, Better access to facilities (labs, libraries, etc.), More structured schedule, Doubt clarity",Very satisfied,Excellent,Strongly agree,Offline,Online
11-12-2024 09:26,Graduate,Female,information & technology,Foreign (International) student,Part-time,Offline (In-person),Yes,"Flexibility in schedule, Convenience of location, Avoiding travel/commute time","Quality of education, Face-to-face interaction with instructors and peers",4,"Poor internet connection, Technical difficulties",Sometimes,Neutral,Yes,"Better interaction with instructors, More engaging learning environment, Better access to facilities (labs, libraries, etc.)",Satisfied,Average,Agree,Offline,Offline
11-12-2024 09:28,Graduate,Male,data analytics,Foreign (International) student,Not working,Offline (In-person),Yes,"Flexibility in schedule, Cost, Convenience of location, Availability of courses, Avoiding travel/commute time","Quality of education, Face-to-face interaction with instructors and peers, Prefer in-person exams and assessments",2,Doubts remain unclear,Rarely,Neutral,No,"Better interaction with instructors, Easier to focus, More engaging learning environment, More structured schedule, Doubt clarity",Neutral,Good,Agree,Offline,Offline
11-12-2024 09:33,Undergraduate,Male,engineering,Foreign (International) student,Part-time,Offline (In-person),Yes,"Quality of education, Avoiding travel/commute time","Cost, Convenience of location, Availability of courses",4,"Difficulty staying motivated, Doubts remain unclear",Rarely,Neutral,Yes,"Better interaction with instructors, More engaging learning environment, Doubt clarity",Neutral,Poor,Agree,Offline,Online
11-12-2024 09:33,Graduate,Female,information & technology,Foreign (International) student,Full-time,Offline (In-person),Yes,"Flexibility in schedule, Cost, Convenience of location, Availability of courses, Avoiding travel/commute time","Quality of education, Face-to-face interaction with instructors and peers, Prefer in-person exams and assessments",2,"Poor internet connection, Lack of interaction with peers, Difficulty staying motivated, Technical difficulties, Lack of access to course materials, Doubts remain unclear",Rarely,Unsatisfied,No,"Better interaction with instructors, Easier to focus, More engaging learning environment, Better access to facilities (labs, libraries, etc.), More structured schedule, Doubt clarity",Neutral,Average,Agree,Offline,Offline
11-12-2024 09:42,High School,Male,engineering,Foreign (International) student,Part-time,Online,Yes,Flexibility in schedule,Flexibility in schedule,1,Lack of access to course materials,Rarely,Satisfied,Yes,More engaging learning environment,Very satisfied,Excellent,Strongly agree,Online,Online
11-12-2024 09:46,Graduate,Female,information & technology,Foreign (International) student,Not working,Offline (In-person),Yes,"Flexibility in schedule, Cost, Quality of education, Availability of courses","Convenience of location, Quality of education, Face-to-face interaction with instructors and peers, Prefer in-person exams and assessments",4,"Lack of interaction with peers, Difficulty staying motivated",Very often,Neutral,Yes,"Better interaction with instructors, Easier to focus, More engaging learning environment, Better access to facilities (labs, libraries, etc.), More structured schedule, Doubt clarity",Neutral,Good,Agree,Offline,Online
11-12-2024 09:49,Graduate,Female,other,Foreign (International) student,Part-time,Offline (In-person),Yes,"Flexibility in schedule, Convenience of location","Quality of education, Face-to-face interaction with instructors and peers, Prefer in-person exams and assessments",3,"Poor internet connection, Lack of interaction with peers, Difficulty staying motivated, Technical difficulties",Sometimes,Neutral,No,"Better interaction with instructors, Easier to focus, More engaging learning environment, More structured schedule, Doubt clarity",Very satisfied,Excellent,Strongly agree,Offline,Offline
11-12-2024 09:52,Graduate,Male,arts,Domestic student,Full-time,Offline (In-person),Yes,"Flexibility in schedule, Convenience of location, Quality of education, Interaction with peers/instructors","Cost, Quality of education, Face-to-face interaction with instructors and peers",3,"Lack of interaction with peers, Doubts remain unclear",Rarely,Neutral,No,"Better interaction with instructors, Easier to focus, More engaging learning environment, Better access to facilities (labs, libraries, etc.), More structured schedule",Satisfied,Good,Agree,Offline,Offline
11-12-2024 09:54,Graduate,Male,information & technology,Foreign (International) student,Not working,Offline (In-person),Yes,"Convenience of location, Avoiding travel/commute time","Quality of education, Face-to-face interaction with instructors and peers, Prefer in-person exams and assessments",3,"Lack of interaction with peers, Difficulty staying motivated",Sometimes,Satisfied,No,"Better interaction with instructors, Easier to focus, More engaging learning environment, Better access to facilities (labs, libraries, etc.), Doubt clarity",Very satisfied,Excellent,Strongly agree,Offline,Offline
11-12-2024 09:54,Graduate,Male,engineering,Foreign (International) student,Not working,Online,Yes,"Flexibility in schedule, Convenience of location, Availability of courses, Avoiding travel/commute time","Flexibility in schedule, Cost, Availability of courses",5,"Lack of interaction with peers, Lack of access to course materials",Sometimes,Very satisfied,Yes,"Easier to focus, Better access to facilities (labs, libraries, etc.), More structured schedule",Very satisfied,Excellent,Neutral,Online,Online
11-12-2024 09:54,Graduate,Female,information & technology,Foreign (International) student,Part-time,Offline (In-person),No,"Flexibility in schedule, Convenience of location, Interaction with peers/instructors","Face-to-face interaction with instructors and peers, Availability of courses, Prefer in-person exams and assessments",4,"Poor internet connection, Technical difficulties",Very often,Satisfied,Yes,"More engaging learning environment, Better access to facilities (labs, libraries, etc.)",Satisfied,Good,Neutral,Offline,Offline
11-12-2024 09:56,Graduate,Male,information & technology,Foreign (International) student,Part-time,Online,No,"Flexibility in schedule, Convenience of location, Avoiding travel/commute time","Cost, Face-to-face interaction with instructors and peers",4,Doubts remain unclear,Rarely,Neutral,Yes,Better interaction with instructors,Neutral,Average,Neutral,Online,Online
11-12-2024 09:59,Graduate,Female,information & technology,Foreign (International) student,Part-time,Offline (In-person),No,Avoiding travel/commute time,"Quality of education, Face-to-face interaction with instructors and peers",2,"Poor internet connection, Lack of interaction with peers, Difficulty staying motivated, Technical difficulties, Lack of access to course materials, Doubts remain unclear",Rarely,Neutral,No,"Better interaction with instructors, Easier to focus, More engaging learning environment, Better access to facilities (labs, libraries, etc.), More structured schedule, Doubt clarity",Satisfied,Average,Strongly agree,Offline,Offline
11-12-2024 10:22,High School,Male,business,Foreign (International) student,Not working,Offline (In-person),Yes,"Flexibility in schedule, Cost, Quality of education, Interaction with peers/instructors","Flexibility in schedule, Cost, Convenience of location, Quality of education, Availability of courses",3,"Lack of interaction with peers, Difficulty staying motivated, Lack of access to course materials, Doubts remain unclear",Rarely,Unsatisfied,No,"Better interaction with instructors, Easier to focus, More engaging learning environment, More structured schedule",Neutral,Good,Agree,Offline,Offline
11-12-2024 10:36,Graduate,Male,commerce,Foreign (International) student,Full-time,Offline (In-person),Yes,"Convenience of location, Quality of education","Flexibility in schedule, Convenience of location, Quality of education",4,"Poor internet connection, Lack of interaction with peers, Doubts remain unclear",Sometimes,Neutral,Yes,Convince ,Neutral,Good,Strongly agree,Online,Online
11-12-2024 10:39,Graduate,Female,other,Foreign (International) student,Part-time,Online,Yes,"Flexibility in schedule, Convenience of location, Interaction with peers/instructors, Avoiding travel/commute time",Availability of courses,5,"Technical difficulties, Lack of access to course materials",Very often,Very satisfied,Yes,"Better access to facilities (labs, libraries, etc.)",Unsatisfied,Poor,Strongly disagree,Online,Online
11-12-2024 10:39,Graduate,Female,other,Foreign (International) student,Not working,Offline (In-person),No,Avoiding travel/commute time,"Quality of education, Face-to-face interaction with instructors and peers, Availability of courses",3,"Lack of interaction with peers, Difficulty staying motivated",Never,Neutral,No,"Better interaction with instructors, Easier to focus",Very satisfied,Good,Strongly agree,Offline,Offline
11-12-2024 10:42,Graduate,Male,business,Foreign (International) student,Part-time,Online,Yes,"Flexibility in schedule, Cost, Convenience of location, Avoiding travel/commute time","Flexibility in schedule, Quality of education, Face-to-face interaction with instructors and peers",5,"Poor internet connection, Technical difficulties",Sometimes,Neutral,No,"Better interaction with instructors, Better access to facilities (labs, libraries, etc.)",Neutral,Good,Agree,Online,Online
11-12-2024 10:50,Graduate,Female,arts,Foreign (International) student,Not working,Offline (In-person),No,"Flexibility in schedule, Avoiding travel/commute time","Quality of education, Face-to-face interaction with instructors and peers",1,"Lack of interaction with peers, Doubts remain unclear",Never,Very unsatisfied,No,"More engaging learning environment, Better access to facilities (labs, libraries, etc.), More structured schedule, Doubt clarity",Satisfied,Good,Agree,Offline,Offline
11-12-2024 10:51,Undergraduate,Male,other,Domestic student,Part-time,Offline (In-person),No,"Quality of education, Interaction with peers/instructors","Flexibility in schedule, Quality of education, Face-to-face interaction with instructors and peers",1,"Poor internet connection, Lack of interaction with peers, Difficulty staying motivated, Technical difficulties, Lack of access to course materials",Never,Very unsatisfied,No,"Better interaction with instructors, Easier to focus, More engaging learning environment, Better access to facilities (labs, libraries, etc.), More structured schedule",Very unsatisfied,Excellent,Strongly disagree,Offline,Offline
11-12-2024 10:57,Undergraduate,Male,arts,Foreign (International) student,Part-time,Offline (In-person),No,"Flexibility in schedule, Convenience of location","Quality of education, Face-to-face interaction with instructors and peers, Prefer in-person exams and assessments",3,Difficulty staying motivated,Never,Neutral,Yes,"Better access to facilities (labs, libraries, etc.)",Satisfied,Excellent,Strongly agree,Offline,Online
11-12-2024 11:01,Graduate,Female,information & technology,Foreign (International) student,Not working,Offline (In-person),No,"Flexibility in schedule, Cost","Convenience of location, Quality of education, Face-to-face interaction with instructors and peers, Availability of courses, Prefer in-person exams and assessments",1,"Poor internet connection, Lack of interaction with peers, Difficulty staying motivated, Technical difficulties, Lack of access to course materials, Doubts remain unclear",Rarely,Neutral,No,"Better interaction with instructors, Easier to focus, More engaging learning environment, Better access to facilities (labs, libraries, etc.), More structured schedule, Doubt clarity",Satisfied,Good,Strongly agree,Offline,Offline
11-12-2024 11:24,Graduate,Male,business,Foreign (International) student,Part-time,Online,No,"Flexibility in schedule, Convenience of location, Availability of courses","Quality of education, Face-to-face interaction with instructors and peers, Availability of courses",4,"Lack of interaction with peers, Technical difficulties",Very often,Satisfied,No,"Better interaction with instructors, Easier to focus, More engaging learning environment, Better access to facilities (labs, libraries, etc.)",Very satisfied,Excellent,Agree,Offline,Offline
11-12-2024 11:30,Graduate,Male,business,Foreign (International) student,Not working,Offline (In-person),Yes,Forced on me by the school,Face-to-face interaction with instructors and peers,1,Difficulty staying motivated,Rarely,Neutral,No,More engaging learning environment,Very satisfied,Excellent,Strongly agree,Offline,Offline
11/13/2024 13:01:27,Undergraduate,Female,business,Foreign (International) student,Part-time,Offline (In-person),No,"Flexibility in schedule, Convenience of location, Interaction with peers/instructors, Availability of courses, Avoiding travel/commute time","Flexibility in schedule, Quality of education, Face-to-face interaction with instructors and peers, Availability of courses, Prefer in-person exams and assessments",4,"Poor internet connection, Lack of interaction with peers, Difficulty staying motivated, Technical difficulties, Lack of access to course materials, Doubts remain unclear",Sometimes,Neutral,Yes,"Better access to facilities (labs, libraries, etc.), More structured schedule, Doubt clarity",Very satisfied,Excellent,Strongly agree,Offline,Offline
11/13/2024 13:10:49,Graduate,Male,engineering,Domestic student,Full-time,Offline (In-person),No,"Convenience of location, Quality of education, Interaction with peers/instructors","Quality of education, Availability of courses, Prefer in-person exams and assessments",4,"Difficulty staying motivated, Lack of access to course materials",Sometimes,Neutral,No,"Better interaction with instructors, Easier to focus, More engaging learning environment, Better access to facilities (labs, libraries, etc.), More structured schedule, Doubt clarity",Satisfied,Good,Strongly agree,Offline,Offline
11/13/2024 13:35:28,Graduate,Male,engineering,Foreign (International) student,Full-time,Online,Yes,"Flexibility in schedule, Cost, Convenience of location, Quality of education, Interaction with peers/instructors, Availability of courses, Avoiding travel/commute time",Quality of education,5,Poor internet connection,Rarely,Satisfied,Yes,"Better access to facilities (labs, libraries, etc.)",Satisfied,Average,Disagree,Online,Online
11/13/2024 13:50:25,Graduate,Female,commerce,Domestic student,Not working,Offline (In-person),Yes,"Flexibility in schedule, Convenience of location, Avoiding travel/commute time","Face-to-face interaction with instructors and peers, Prefer in-person exams and assessments",3,"Poor internet connection, Lack of interaction with peers, Difficulty staying motivated, Technical difficulties, Lack of access to course materials, Doubts remain unclear",Rarely,Neutral,No,"Better interaction with instructors, More engaging learning environment, Better access to facilities (labs, libraries, etc.), More structured schedule, Doubt clarity",Neutral,Good,Agree,Offline,Offline
11/13/2024 14:39:50,Undergraduate,Female,information & technology,Foreign (International) student,Part-time,Offline (In-person),Yes,"Flexibility in schedule, Cost, Avoiding travel/commute time","Quality of education, Face-to-face interaction with instructors and peers, Availability of courses, Prefer in-person exams and assessments",3,"Poor internet connection, Lack of interaction with peers, Difficulty staying motivated",Rarely,Satisfied,No,"Better interaction with instructors, More engaging learning environment, Better access to facilities (labs, libraries, etc.), Doubt clarity",Satisfied,Good,Strongly agree,Offline,Offline
11/13/2024 14:40:48,Graduate,Female,medical,Foreign (International) student,Full-time,Offline (In-person),Yes,"Flexibility in schedule, Cost, Avoiding travel/commute time","Face-to-face interaction with instructors and peers, Availability of courses, Prefer in-person exams and assessments",4,"Poor internet connection, Lack of interaction with peers, Difficulty staying motivated",Sometimes,Satisfied,No,"Better interaction with instructors, Easier to focus, More engaging learning environment, Better access to facilities (labs, libraries, etc.), More structured schedule",Very satisfied,Excellent,Agree,Offline,Offline
11/13/2024 14:49:51,Graduate,Male,commerce,Foreign (International) student,Part-time,Offline (In-person),No,"Flexibility in schedule, Availability of courses, Avoiding travel/commute time",Quality of education,5,"Poor internet connection, Technical difficulties, Doubts remain unclear",Sometimes,Very satisfied,No,"More engaging learning environment, Better access to facilities (labs, libraries, etc.)",Neutral,Excellent,Strongly agree,Online,Online
11/13/2024 14:50:09,Undergraduate,Male,science,Foreign (International) student,Not working,Online,Yes,Flexibility in schedule,Flexibility in schedule,5,Poor internet connection,Very often,Very satisfied,No,"Better access to facilities (labs, libraries, etc.)",Very satisfied,Excellent,Strongly agree,Online,Online
11/13/2024 14:53:06,Graduate,Male,commerce,Foreign (International) student,Part-time,Offline (In-person),Yes,"Flexibility in schedule, Convenience of location, Avoiding travel/commute time","Quality of education, Face-to-face interaction with instructors and peers",3,"Lack of interaction with peers, Technical difficulties",Sometimes,Neutral,No,"Better interaction with instructors, More engaging learning environment, Doubt clarity",Satisfied,Good,Agree,Offline,Offline
11/13/2024 14:55:43,Undergraduate,Female,science,Foreign (International) student,Not working,Offline (In-person),Yes,"Flexibility in schedule, Cost, Convenience of location, Availability of courses","Quality of education, Face-to-face interaction with instructors and peers, Availability of courses",3,"Lack of interaction with peers, Difficulty staying motivated, Technical difficulties, Doubts remain unclear",Sometimes,Satisfied,No,"Better interaction with instructors, Easier to focus, More engaging learning environment, Better access to facilities (labs, libraries, etc.)",Very satisfied,Good,Strongly agree,Online,Offline
11/13/2024 14:56:03,Graduate,Female,information & technology,Foreign (International) student,Not working,Offline (In-person),Yes,Avoiding travel/commute time,"Quality of education, Face-to-face interaction with instructors and peers, Prefer in-person exams and assessments",3,"Poor internet connection, Doubts remain unclear",Never,Neutral,No,"Better interaction with instructors, Easier to focus, More engaging learning environment, Better access to facilities (labs, libraries, etc.), Doubt clarity",Very satisfied,Good,Agree,Offline,Offline
11/13/2024 15:00:09,Graduate,Male,information & technology,Foreign (International) student,Part-time,Online,Yes,"Convenience of location, Avoiding travel/commute time","Quality of education, Face-to-face interaction with instructors and peers, Availability of courses",5,"Poor internet connection, Technical difficulties",Very often,Very satisfied,Yes,"Better interaction with instructors, Easier to focus, Doubt clarity",Very satisfied,Excellent,Strongly agree,Online,Online
11/13/2024 15:01:37,Graduate,Male,information & technology,Foreign (International) student,Not working,Offline (In-person),No,"Flexibility in schedule, Cost, Convenience of location, Availability of courses, Avoiding travel/commute time","Quality of education, Face-to-face interaction with instructors and peers, Availability of courses, Prefer in-person exams and assessments",3,"Poor internet connection, Lack of interaction with peers, Difficulty staying motivated, Technical difficulties, Lack of access to course materials, Doubts remain unclear",Sometimes,Neutral,No,"Better interaction with instructors, Easier to focus, More engaging learning environment, Better access to facilities (labs, libraries, etc.), More structured schedule, Doubt clarity",Satisfied,Good,Strongly agree,Offline,Offline
11/13/2024 15:01:58,Graduate,Female,business,Foreign (International) student,Not working,Offline (In-person),No,Quality of education,Prefer in-person exams and assessments,2,Lack of interaction with peers,Rarely,Neutral,No,More structured schedule,Neutral,Excellent,Neutral,Offline,Offline
11/13/2024 15:03:52,Undergraduate,Female,arts,Foreign (International) student,Part-time,Offline (In-person),Yes,Convenience of location,"Quality of education, Face-to-face interaction with instructors and peers, Prefer in-person exams and assessments",2,"Poor internet connection, Difficulty staying motivated, Technical difficulties",Sometimes,Satisfied,No,"Better interaction with instructors, Easier to focus, More engaging learning environment, Better access to facilities (labs, libraries, etc.)",Satisfied,Good,Agree,Offline,Offline
11/13/2024 15:09:18,High School,Male,arts,Foreign (International) student,Part-time,Online,Yes,"Flexibility in schedule, Cost, Convenience of location, Quality of education, Interaction with peers/instructors, Avoiding travel/commute time","Flexibility in schedule, Cost, Quality of education, Prefer in-person exams and assessments",4,"Poor internet connection, Difficulty staying motivated, Technical difficulties",Very often,Very satisfied,Yes,"Better interaction with instructors, Easier to focus, More engaging learning environment",Very satisfied,Good,Strongly agree,Online,Online
11/13/2024 15:45:13,Undergraduate,Male,business,Foreign (International) student,Full-time,Offline (In-person),Yes,"Flexibility in schedule, Availability of courses",Quality of education,3,"Difficulty staying motivated, Doubts remain unclear",Sometimes,Satisfied,Yes,More engaging learning environment,Very satisfied,Good,Agree,Offline,Offline
11/13/2024 15:48:16,High School,Male,medical,Domestic student,Full-time,Online,Yes,Cost,Convenience of location,4,Difficulty staying motivated,Sometimes,Satisfied,Yes,More engaging learning environment,Satisfied,Average,Agree,Offline,Online
11/13/2024 16:05:13,Graduate,Male,business,Foreign (International) student,Full-time,Online,Yes,"Flexibility in schedule, Cost, Quality of education, Availability of courses","Face-to-face interaction with instructors and peers, Prefer in-person exams and assessments",5,"Lack of interaction with peers, Difficulty staying motivated",Very often,Very satisfied,Yes,"Better access to facilities (labs, libraries, etc.)",Very satisfied,Excellent,Strongly agree,Online,Online
11/13/2024 16:05:39,Undergraduate,Female,business,Foreign (International) student,Part-time,Online,Yes,Avoiding travel/commute time,"Convenience of location, Quality of education, Face-to-face interaction with instructors and peers, Prefer in-person exams and assessments",4,Doubts remain unclear,Sometimes,Satisfied,No,"Better interaction with instructors, More engaging learning environment, Better access to facilities (labs, libraries, etc.)",Very satisfied,Excellent,Neutral,Online,Offline
11/13/2024 16:06:41,Undergraduate,Female,medical,Foreign (International) student,Not working,Online,Yes,"Flexibility in schedule, Convenience of location, Avoiding travel/commute time","Quality of education, Face-to-face interaction with instructors and peers",4,"Difficulty staying motivated, Doubts remain unclear",Rarely,Satisfied,Yes,"Better interaction with instructors, Easier to focus, More engaging learning environment, Better access to facilities (labs, libraries, etc.), Doubt clarity",Neutral,Good,Agree,Offline,Offline
11/13/2024 16:07:57,Undergraduate,Male,business,Domestic student,Part-time,Offline (In-person),Yes,"Quality of education, Interaction with peers/instructors","Quality of education, Face-to-face interaction with instructors and peers",1,"Poor internet connection, Lack of interaction with peers, Difficulty staying motivated, Technical difficulties, Lack of access to course materials, Doubts remain unclear",Never,Very unsatisfied,No,I don’t think there are any ,Satisfied,Good,Agree,Offline,Offline
11/13/2024 16:08:20,Graduate,Male,engineering,Foreign (International) student,Not working,Offline (In-person),No,Not like online,"Flexibility in schedule, Convenience of location, Quality of education, Face-to-face interaction with instructors and peers, Availability of courses, Prefer in-person exams and assessments",1,"Poor internet connection, Lack of interaction with peers, Difficulty staying motivated, Technical difficulties, Lack of access to course materials, Doubts remain unclear",Never,Very unsatisfied,No,"Better interaction with instructors, Easier to focus, More engaging learning environment, Better access to facilities (labs, libraries, etc.), More structured schedule, Doubt clarity",Very satisfied,Excellent,Strongly agree,Offline,Offline
11/13/2024 16:08:55,Undergraduate,Male,other,Domestic student,Full-time,Offline (In-person),Yes,Quality of education,"Convenience of location, Quality of education, Face-to-face interaction with instructors and peers, Prefer in-person exams and assessments",3,"Lack of interaction with peers, Difficulty staying motivated",Rarely,Neutral,No,"Better interaction with instructors, Easier to focus, More engaging learning environment, More structured schedule",Satisfied,Average,Agree,Offline,Offline
11/13/2024 16:10:09,Undergraduate,Male,engineering,Foreign (International) student,Not working,Offline (In-person),No,"Flexibility in schedule, Cost, Convenience of location, Quality of education","Cost, Convenience of location, Quality of education",3,"Poor internet connection, Technical difficulties, Lack of access to course materials",Rarely,Satisfied,Yes,Better interaction with instructors,Satisfied,Good,Agree,Offline,Offline
11/13/2024 16:11:15,Graduate,Male,other,Domestic student,Part-time,Offline (In-person),Yes,Interaction with peers/instructors,Face-to-face interaction with instructors and peers,3,Lack of interaction with peers,Sometimes,Satisfied,Yes,"Easier to focus, More structured schedule",Neutral,Good,Strongly agree,Offline,Offline
11/13/2024 16:11:43,Undergraduate,Male,business,Foreign (International) student,Part-time,Online,Yes,Flexibility in schedule,Flexibility in schedule,5,Difficulty staying motivated,Never,Very satisfied,Yes,"Better access to facilities (labs, libraries, etc.)",Neutral,Very poor,Agree,Offline,Online
11/13/2024 16:12:29,Undergraduate,Male,engineering,Foreign (International) student,Part-time,Offline (In-person),Yes,Flexibility in schedule,Prefer in-person exams and assessments,3,"Poor internet connection, Lack of interaction with peers, Difficulty staying motivated, Technical difficulties, Lack of access to course materials, Doubts remain unclear",Rarely,Neutral,No,"Better interaction with instructors, Easier to focus, More engaging learning environment, Better access to facilities (labs, libraries, etc.), More structured schedule",Very satisfied,Excellent,Strongly agree,Offline,Offline
11/13/2024 16:13:38,Undergraduate,Male,business,Foreign (International) student,Not working,Online,No,Flexibility in schedule,"Quality of education, Face-to-face interaction with instructors and peers, Prefer in-person exams and assessments",5,Doubts remain unclear,Sometimes,Satisfied,Yes,"Easier to focus, More engaging learning environment, More structured schedule, ",Very satisfied,Excellent,Strongly agree,Offline,Offline
11/13/2024 16:14:40,Graduate,Male,engineering,Foreign (International) student,Part-time,Online,Yes,"Flexibility in schedule, Cost, Convenience of location, Quality of education, Interaction with peers/instructors, Availability of courses, Avoiding travel/commute time",Cost,5,Doubts remain unclear,Very often,Very satisfied,Yes,"Better access to facilities (labs, libraries, etc.)",Satisfied,Good,Neutral,Online,Online
11/13/2024 16:14:50,High School,Female,medical,Foreign (International) student,Part-time,Online,Yes,"Flexibility in schedule, Convenience of location, Avoiding travel/commute time",Face-to-face interaction with instructors and peers,2,Doubts remain unclear,Sometimes,Satisfied,Yes,Easier to focus,Satisfied,Good,Neutral,Online,Online
11/13/2024 16:14:57,Graduate,Male,other,Domestic student,Part-time,Offline (In-person),Yes,"Flexibility in schedule, Convenience of location, Availability of courses, Avoiding travel/commute time","Convenience of location, Quality of education, Face-to-face interaction with instructors and peers, Availability of courses, Prefer in-person exams and assessments",4,"Lack of interaction with peers, Difficulty staying motivated, Technical difficulties",Sometimes,Satisfied,No,"Better interaction with instructors, Easier to focus, More engaging learning environment, Better access to facilities (labs, libraries, etc.), More structured schedule",Very satisfied,Excellent,Strongly agree,Offline,Offline
11/13/2024 16:15:13,Graduate,Female,business,Foreign (International) student,Part-time,Offline (In-person),No,"Flexibility in schedule, Convenience of location, Avoiding travel/commute time","Quality of education, Face-to-face interaction with instructors and peers, Prefer in-person exams and assessments",4,"Poor internet connection, Lack of interaction with peers, Difficulty staying motivated, Technical difficulties, Lack of access to course materials, Doubts remain unclear",Rarely,Neutral,No,"Better interaction with instructors, Easier to focus, More engaging learning environment, Better access to facilities (labs, libraries, etc.), More structured schedule, Doubt clarity",Very satisfied,Average,Strongly agree,Offline,Online
11/13/2024 16:15:13,Graduate,Male,business,Foreign (International) student,Not working,Online,Yes,"Flexibility in schedule, Convenience of location, Avoiding travel/commute time","Quality of education, Face-to-face interaction with instructors and peers, Prefer in-person exams and assessments",4,"Poor internet connection, Lack of interaction with peers, Difficulty staying motivated, Technical difficulties, Lack of access to course materials, Doubts remain unclear",Rarely,Very satisfied,No,"Better interaction with instructors, Easier to focus, More engaging learning environment, Better access to facilities (labs, libraries, etc.), More structured schedule, Doubt clarity",Very satisfied,Average,Strongly agree,Offline,Online
11/13/2024 16:15:31,High School,Prefer not to say,business,Domestic student,Full-time,Offline (In-person),No,"Cost, Convenience of location","Quality of education, Face-to-face interaction with instructors and peers, Availability of courses",2,"Poor internet connection, Lack of interaction with peers, Difficulty staying motivated, Technical difficulties",Rarely,Unsatisfied,No,"Better interaction with instructors, Easier to focus, More engaging learning environment, Better access to facilities (labs, libraries, etc.), More structured schedule",Very satisfied,Excellent,Strongly agree,Offline,Offline
11/13/2024 16:16:48,High School,Male,information & technology,Foreign (International) student,Full-time,Offline (In-person),No,"Flexibility in schedule, Cost, Quality of education, Interaction with peers/instructors","Flexibility in schedule, Cost, Convenience of location, Quality of education, Face-to-face interaction with instructors and peers, Availability of courses, Prefer in-person exams and assessments",3,"Lack of interaction with peers, Difficulty staying motivated, Doubts remain unclear",Sometimes,Neutral,No,"Better interaction with instructors, Easier to focus, More engaging learning environment, Better access to facilities (labs, libraries, etc.), More structured schedule, Doubt clarity",Very satisfied,Good,Agree,Offline,Offline
11/13/2024 16:17:23,Graduate,Male,engineering,Foreign (International) student,Part-time,Online,Yes,"Flexibility in schedule, Convenience of location, Quality of education, Interaction with peers/instructors, Availability of courses, Avoiding travel/commute time",Cost,5,Lack of interaction with peers,Very often,Very satisfied,No,"Better access to facilities (labs, libraries, etc.)",Satisfied,Good,Neutral,Online,Online
11/13/2024 16:20:01,High School,Male,other,Domestic student,Part-time,Offline (In-person),Yes,"Flexibility in schedule, Avoiding travel/commute time","Quality of education, Face-to-face interaction with instructors and peers, Prefer in-person exams and assessments",2,"Lack of interaction with peers, Difficulty staying motivated",Rarely,Neutral,No,"Better interaction with instructors, Easier to focus, More engaging learning environment",Very satisfied,Good,Agree,Offline,Offline
11/13/2024 16:21:29,Undergraduate,Male,other,Domestic student,Full-time,Offline (In-person),No,"Flexibility in schedule, Convenience of location","Flexibility in schedule, Convenience of location, Quality of education, Face-to-face interaction with instructors and peers, Availability of courses, Prefer in-person exams and assessments",4,"Technical difficulties, Lack of access to course materials, Doubts remain unclear",Very often,Neutral,Yes,"Better interaction with instructors, Easier to focus, More engaging learning environment, Better access to facilities (labs, libraries, etc.), More structured schedule",Satisfied,Good,Strongly agree,Offline,Offline
11/13/2024 16:25:27,Undergraduate,Female,science,Foreign (International) student,Part-time,Online,Yes,Avoiding travel/commute time,Quality of education,3,Lack of interaction with peers,Never,Neutral,Yes,"Easier to focus, More engaging learning environment",Very satisfied,Excellent,Strongly agree,Online,Offline
11/13/2024 16:25:27,High School,Male,engineering,Domestic student,Not working,Offline (In-person),No,Avoiding travel/commute time,"Quality of education, Availability of courses",3,Poor internet connection,Sometimes,Neutral,Yes,More structured schedule,Very satisfied,Excellent,Strongly agree,Offline,Offline
11/13/2024 16:25:49,Graduate,Female,medical,Domestic student,Full-time,Offline (In-person),Yes,Quality of education,Availability of courses,3,Difficulty staying motivated,Rarely,Neutral,Yes,More engaging learning environment,Neutral,Average,Neutral,Online,Online
11/13/2024 16:26:57,Graduate,Female,medical,Domestic student,Full-time,Offline (In-person),No,"Flexibility in schedule, Cost",Availability of courses,3,Technical difficulties,Very often,Very satisfied,No,Easier to focus,Very satisfied,Excellent,Strongly agree,Online,Online
11/13/2024 16:27:59,Undergraduate,Female,other,Domestic student,Part-time,Online,Yes,"Flexibility in schedule, Cost, Convenience of location, Quality of education, Interaction with peers/instructors, Availability of courses, Avoiding travel/commute time",Face-to-face interaction with instructors and peers,5,Poor internet connection,Never,Neutral,Yes,More engaging learning environment,Unsatisfied,Excellent,Agree,Online,Online
11/13/2024 16:28:04,Undergraduate,Female,medical,Domestic student,Not working,Offline (In-person),No,"Interaction with peers/instructors, Availability of courses","Flexibility in schedule, Prefer in-person exams and assessments",5,Lack of interaction with peers,Never,Neutral,No,Doubt clarity,Neutral,Average,Neutral,Online,Online
11/13/2024 16:28:09,Graduate,Female,other,Domestic student,Full-time,Online,No,Flexibility in schedule,Availability of courses,5,All good,Very often,Very satisfied,Yes,Easier to focus,Very satisfied,Excellent,Strongly agree,Online,Online
11/13/2024 16:28:38,High School,Female,other,Domestic student,Not working,Offline (In-person),No,"Flexibility in schedule, Quality of education, Availability of courses","Flexibility in schedule, Quality of education, Availability of courses",2,"Poor internet connection, Difficulty staying motivated",Sometimes,Neutral,No,"Better interaction with instructors, Easier to focus",Satisfied,Average,Strongly disagree,Offline,Offline
11/13/2024 16:29:01,Undergraduate,Female,medical,Domestic student,Part-time,Offline (In-person),Yes,"Flexibility in schedule, Quality of education, Availability of courses","Convenience of location, Face-to-face interaction with instructors and peers",3,"Difficulty staying motivated, Doubts remain unclear",Rarely,Unsatisfied,No,"Better interaction with instructors, Doubt clarity",Satisfied,Average,Strongly agree,Online,Offline
11/13/2024 16:29:59,Undergraduate,Male,information & technology,Foreign (International) student,Part-time,Offline (In-person),Yes,"Flexibility in schedule, Convenience of location, Quality of education, Availability of courses",Flexibility in schedule,3,"Difficulty staying motivated, Doubts remain unclear",Rarely,Neutral,No,"More engaging learning environment, Better access to facilities (labs, libraries, etc.), More structured schedule",Satisfied,Good,Agree,Offline,Offline
11/13/2024 16:30:34,Graduate,Male,business,Domestic student,Full-time,Offline (In-person),Yes,"Flexibility in schedule, Cost, Convenience of location, Quality of education, Interaction with peers/instructors, Availability of courses, Avoiding travel/commute time","Flexibility in schedule, Cost, Convenience of location, Quality of education, Face-to-face interaction with instructors and peers, Availability of courses, Prefer in-person exams and assessments",3,"Lack of interaction with peers, Difficulty staying motivated, Doubts remain unclear",Very often,Satisfied,No,"Better interaction with instructors, Easier to focus, More engaging learning environment, Better access to facilities (labs, libraries, etc.), More structured schedule",Satisfied,Excellent,Neutral,Offline,Offline
11/13/2024 16:30:50,Undergraduate,Male,business,Foreign (International) student,Part-time,Offline (In-person),Yes,"Flexibility in schedule, Cost, Quality of education, Availability of courses, Avoiding travel/commute time","Quality of education, Face-to-face interaction with instructors and peers",2,"Lack of interaction with peers, Difficulty staying motivated, Doubts remain unclear",Rarely,Neutral,Yes,"Better interaction with instructors, More engaging learning environment, Better access to facilities (labs, libraries, etc.)",Very satisfied,Excellent,Strongly agree,Online,Offline
11/13/2024 16:33:42,Undergraduate,Male,business,Foreign (International) student,Not working,Offline (In-person),Yes,"Convenience of location, Avoiding travel/commute time","Convenience of location, Quality of education, Face-to-face interaction with instructors and peers, Prefer in-person exams and assessments",3,"Lack of interaction with peers, Technical difficulties, Doubts remain unclear",Never,Neutral,Yes,"Better interaction with instructors, Easier to focus, More engaging learning environment, Better access to facilities (labs, libraries, etc.), More structured schedule, Doubt clarity",Very satisfied,Good,Strongly agree,Offline,Offline
11/13/2024 18:31:57,Undergraduate,Male,information & technology,Foreign (International) student,Part-time,Offline (In-person),No,"Flexibility in schedule, Avoiding travel/commute time","Cost, Convenience of location, Quality of education, Face-to-face interaction with instructors and peers, Prefer in-person exams and assessments",1,"Technical difficulties, Lack of access to course materials, Doubts remain unclear",Sometimes,Neutral,No,More structured schedule,Very satisfied,Excellent,Agree,Offline,Offline
11/13/2024 18:51:33,Graduate,Female,business,Foreign (International) student,Part-time,Offline (In-person),No,"Cost, Convenience of location, Availability of courses, Avoiding travel/commute time","Flexibility in schedule, Quality of education, Face-to-face interaction with instructors and peers",5,"Poor internet connection, Lack of interaction with peers, Difficulty staying motivated, Technical difficulties",Rarely,Satisfied,No,"Better interaction with instructors, Easier to focus, More engaging learning environment, Better access to facilities (labs, libraries, etc.), Doubt clarity",Satisfied,Excellent,Strongly agree,Offline,Offline
11/15/2024 13:33:55,Graduate,Male,information & technology,Foreign (International) student,Not working,Offline (In-person),No,Cost,"Quality of education, Face-to-face interaction with instructors and peers",3,"Lack of interaction with peers, Technical difficulties",Sometimes,Satisfied,No,"Better interaction with instructors, Easier to focus, More structured schedule",Satisfied,Good,Agree,Offline,Offline
11/15/2024 13:37:55,Graduate,Male,information & technology,Foreign (International) student,Not working,Offline (In-person),No,"Cost, Convenience of location, Quality of education, Interaction with peers/instructors, Availability of courses, Avoiding travel/commute time","Cost, Convenience of location, Quality of education, Face-to-face interaction with instructors and peers, Availability of courses, Prefer in-person exams and assessments",1,"Poor internet connection, Lack of interaction with peers, Difficulty staying motivated, Technical difficulties",Sometimes,Unsatisfied,Yes,"Easier to focus, More engaging learning environment, Better access to facilities (labs, libraries, etc.), More structured schedule, Doubt clarity",Unsatisfied,Good,Neutral,Offline,Offline
11/15/2024 13:38:08,Undergraduate,Male,arts,Foreign (International) student,Part-time,Online,Yes,"Flexibility in schedule, Cost, Avoiding travel/commute time",Convenience of location,4,"Lack of interaction with peers, Technical difficulties",Sometimes,Satisfied,Yes,Easier to focus,Satisfied,Good,Agree,Online,Online
11/15/2024 13:40:24,Undergraduate,Female,commerce,Foreign (International) student,Part-time,Offline (In-person),No,"Cost, Interaction with peers/instructors, Availability of courses","Convenience of location, Quality of education, Face-to-face interaction with instructors and peers, Availability of courses, Prefer in-person exams and assessments",3,"Difficulty staying motivated, Technical difficulties, Lack of access to course materials",Sometimes,Satisfied,No,"Easier to focus, More engaging learning environment, Better access to facilities (labs, libraries, etc.), More structured schedule",Satisfied,Good,Agree,Offline,Offline
11/15/2024 13:42:59,Graduate,Male,engineering,Foreign (International) student,Part-time,Offline (In-person),No,"Flexibility in schedule, Convenience of location, Availability of courses, Avoiding travel/commute time","Cost, Quality of education, Face-to-face interaction with instructors and peers",3,"Poor internet connection, Lack of interaction with peers, Technical difficulties, Doubts remain unclear",Sometimes,Neutral,No,"Easier to focus, More engaging learning environment, More structured schedule",Very satisfied,Good,Agree,Offline,Offline
11/15/2024 13:43:25,Undergraduate,Male,commerce,Foreign (International) student,Full-time,Online,Yes,"Flexibility in schedule, Avoiding travel/commute time","Quality of education, Face-to-face interaction with instructors and peers, Availability of courses, Prefer in-person exams and assessments",3,"Lack of interaction with peers, Lack of access to course materials",Sometimes,Satisfied,No,"Better interaction with instructors, Easier to focus, More engaging learning environment",Satisfied,Good,Agree,Offline,Offline
11/15/2024 13:43:29,Graduate,Male,engineering,Foreign (International) student,Part-time,Online,Yes,"Flexibility in schedule, Convenience of location, Availability of courses, Avoiding travel/commute time","Quality of education, Face-to-face interaction with instructors and peers, Prefer in-person exams and assessments",5,Difficulty staying motivated,Sometimes,Satisfied,Yes,"Easier to focus, Better access to facilities (labs, libraries, etc.), Doubt clarity",Satisfied,Good,Agree,Offline,Offline
11/15/2024 13:43:47,Graduate,Male,other,Foreign (International) student,Not working,Offline (In-person),Yes,"Flexibility in schedule, Convenience of location, Availability of courses","Cost, Availability of courses",3,"Poor internet connection, Technical difficulties",Sometimes,Neutral,Yes,"Better interaction with instructors, Better access to facilities (labs, libraries, etc.)",Satisfied,Good,Strongly agree,Offline,Offline
11/15/2024 13:44:23,High School,Male,arts,Foreign (International) student,Part-time,Online,Yes,"Flexibility in schedule, Cost, Convenience of location, Interaction with peers/instructors, Availability of courses",Quality of education,4,"Difficulty staying motivated, Technical difficulties",Very often,Neutral,No,"Easier to focus, More engaging learning environment, Better access to facilities (labs, libraries, etc.)",Neutral,Good,Disagree,Online,Online
11/15/2024 13:44:35,Graduate,Male,engineering,Foreign (International) student,Part-time,Offline (In-person),Yes,Convenience of location,"Quality of education, Face-to-face interaction with instructors and peers, Prefer in-person exams and assessments",3,"Poor internet connection, Lack of interaction with peers, Difficulty staying motivated, Technical difficulties, Doubts remain unclear",Rarely,Satisfied,No,"Better interaction with instructors, Easier to focus, More engaging learning environment, Better access to facilities (labs, libraries, etc.), More structured schedule, Doubt clarity",Satisfied,Good,Agree,Offline,Offline
11/15/2024 13:46:18,Undergraduate,Female,business,Domestic student,Part-time,Offline (In-person),No,"Flexibility in schedule, Cost, Avoiding travel/commute time","Convenience of location, Quality of education, Face-to-face interaction with instructors and peers, Prefer in-person exams and assessments",1,"Lack of interaction with peers, Technical difficulties, Doubts remain unclear",Sometimes,Satisfied,No,"Better interaction with instructors, Easier to focus, Better access to facilities (labs, libraries, etc.), More structured schedule, Doubt clarity",Satisfied,Good,Agree,Offline,Offline
11/15/2024 13:47:31,Undergraduate,Female,medical,Foreign (International) student,Not working,Online,No,"Cost, Convenience of location, Quality of education","Convenience of location, Quality of education, Face-to-face interaction with instructors and peers",3,"Poor internet connection, Difficulty staying motivated, Lack of access to course materials",Very often,Satisfied,Yes,More structured schedule,Neutral,Average,Neutral,Online,Online
11/15/2024 13:48:16,Graduate,Male,business,Foreign (International) student,Part-time,Online,Yes,Flexibility in schedule,Convenience of location,5,Doubts remain unclear,Sometimes,Satisfied,Yes,"Easier to focus, More engaging learning environment, Better access to facilities (labs, libraries, etc.), More structured schedule",Satisfied,Good,Neutral,Online,Offline
11/15/2024 13:48:45,Undergraduate,Female,medical,Foreign (International) student,Not working,Offline (In-person),No,Avoiding travel/commute time,"Convenience of location, Quality of education, Face-to-face interaction with instructors and peers, Availability of courses, Prefer in-person exams and assessments",1,"Poor internet connection, Lack of interaction with peers, Difficulty staying motivated, Technical difficulties, Lack of access to course materials",Sometimes,Neutral,No,"Better interaction with instructors, Easier to focus, More engaging learning environment, Better access to facilities (labs, libraries, etc.)",Satisfied,Good,Agree,Offline,Offline
11/15/2024 13:49:03,High School,Male,engineering,Domestic student,Part-time,Online,Yes,"Flexibility in schedule, Cost, Convenience of location, Interaction with peers/instructors","Quality of education, Face-to-face interaction with instructors and peers, Availability of courses, Prefer in-person exams and assessments",4,"Lack of interaction with peers, Difficulty staying motivated, Technical difficulties",Sometimes,Satisfied,Yes,"More engaging learning environment, Better access to facilities (labs, libraries, etc.), Doubt clarity",Neutral,Good,Agree,Offline,Offline
11/15/2024 14:00:44,Graduate,Female,engineering,Foreign (International) student,Part-time,Offline (In-person),No,"Flexibility in schedule, Convenience of location, Availability of courses, Avoiding travel/commute time","Quality of education, Face-to-face interaction with instructors and peers, Availability of courses, Prefer in-person exams and assessments",4,"Lack of interaction with peers, Difficulty staying motivated, Technical difficulties",Sometimes,Very satisfied,Yes,"Better interaction with instructors, Easier to focus, More structured schedule, Doubt clarity",Very satisfied,Excellent,Strongly agree,Offline,Offline
11/15/2024 14:26:46,Graduate,Male,other,Foreign (International) student,Part-time,Offline (In-person),Yes,"Flexibility in schedule, Convenience of location, Avoiding travel/commute time","Face-to-face interaction with instructors and peers, Prefer in-person exams and assessments",4,"Poor internet connection, Lack of access to course materials, Doubts remain unclear",Sometimes,Unsatisfied,Yes,"More engaging learning environment, Better access to facilities (labs, libraries, etc.), Doubt clarity",Very satisfied,Excellent,Neutral,Offline,Offline
11/15/2024 14:33:58,Graduate,Male,engineering,Foreign (International) student,Not working,Offline (In-person),Yes,"Flexibility in schedule, Cost, Convenience of location, Avoiding travel/commute time","Quality of education, Face-to-face interaction with instructors and peers",4,"Poor internet connection, Lack of interaction with peers, Difficulty staying motivated, Technical difficulties, Lack of access to course materials, Doubts remain unclear",Sometimes,Satisfied,No,"Better interaction with instructors, Easier to focus, More engaging learning environment, Better access to facilities (labs, libraries, etc.), More structured schedule, Doubt clarity",Satisfied,Good,Neutral,Online,Online
11/15/2024 14:35:34,Graduate,Male,engineering,Foreign (International) student,Part-time,Offline (In-person),Yes,"Convenience of location, Interaction with peers/instructors, Avoiding travel/commute time","Flexibility in schedule, Quality of education, Face-to-face interaction with instructors and peers, Availability of courses",5,"Difficulty staying motivated, Technical difficulties, Lack of access to course materials, Doubts remain unclear",Very often,Satisfied,Yes,"Better interaction with instructors, Easier to focus, More engaging learning environment, Better access to facilities (labs, libraries, etc.), More structured schedule, Doubt clarity",Very satisfied,Excellent,Strongly agree,Online,Online
11/15/2024 14:38:43,Undergraduate,Female,medical,Domestic student,Part-time,Offline (In-person),Yes,"Flexibility in schedule, Cost, Avoiding travel/commute time","Quality of education, Face-to-face interaction with instructors and peers, Availability of courses, Prefer in-person exams and assessments",4,"Poor internet connection, Lack of interaction with peers, Difficulty staying motivated, Technical difficulties, Lack of access to course materials, Doubts remain unclear",Sometimes,Neutral,No,"Better interaction with instructors, Easier to focus, More engaging learning environment, Better access to facilities (labs, libraries, etc.), More structured schedule, Doubt clarity",Very satisfied,Excellent,Strongly agree,Offline,Offline
11/15/2024 16:07:44,Undergraduate,Female,commerce,Foreign (International) student,Part-time,Offline (In-person),Yes,"Cost, Avoiding travel/commute time","Flexibility in schedule, Convenience of location, Quality of education, Face-to-face interaction with instructors and peers",2,Difficulty staying motivated,Sometimes,Satisfied,Yes,"Easier to focus, Better access to facilities (labs, libraries, etc.), More structured schedule",Satisfied,Good,Agree,Offline,Offline
11/15/2024 16:09:23,Undergraduate,Female,commerce,Foreign (International) student,Full-time,Online,Yes,"Flexibility in schedule, Avoiding travel/commute time","Face-to-face interaction with instructors and peers, Prefer in-person exams and assessments",5,"Poor internet connection, Technical difficulties",Sometimes,Satisfied,Yes,"Better interaction with instructors, More engaging learning environment, Better access to facilities (labs, libraries, etc.)",Neutral,Good,Agree,Online,Online
11/15/2024 16:10:16,Undergraduate,Female,science,Foreign (International) student,Not working,Offline (In-person),Yes,"Flexibility in schedule, Avoiding travel/commute time","Convenience of location, Quality of education, Face-to-face interaction with instructors and peers, Availability of courses, Prefer in-person exams and assessments",1,"Poor internet connection, Lack of interaction with peers, Difficulty staying motivated, Technical difficulties, Lack of access to course materials",Rarely,Satisfied,Yes,"Better interaction with instructors, Easier to focus, More engaging learning environment, Better access to facilities (labs, libraries, etc.)",Satisfied,Good,Agree,Offline,Offline
11/15/2024 16:12:24,Undergraduate,Female,arts,Foreign (International) student,Part-time,Offline (In-person),Yes,"Flexibility in schedule, Cost, Quality of education, Interaction with peers/instructors","Convenience of location, Quality of education, Face-to-face interaction with instructors and peers, Availability of courses",2,"Poor internet connection, Lack of interaction with peers, Technical difficulties, Lack of access to course materials",Rarely,Neutral,No,"Better interaction with instructors, Easier to focus, More engaging learning environment, More structured schedule, Doubt clarity",Satisfied,Good,Neutral,Offline,Offline
11/15/2024 16:17:59,Graduate,Male,engineering,Foreign (International) student,Not working,Offline (In-person),Yes,"Flexibility in schedule, Cost, Quality of education, Avoiding travel/commute time","Flexibility in schedule, Cost, Face-to-face interaction with instructors and peers",2,"Lack of interaction with peers, Difficulty staying motivated",Rarely,Neutral,No,"Better interaction with instructors, Easier to focus, Better access to facilities (labs, libraries, etc.)",Very satisfied,Good,Agree,Offline,Offline
11/15/2024 16:18:50,Graduate,Male,commerce,Foreign (International) student,Full-time,Offline (In-person),Yes,"Quality of education, Interaction with peers/instructors, Availability of courses","Cost, Face-to-face interaction with instructors and peers, Availability of courses",5,"Difficulty staying motivated, Technical difficulties",Sometimes,Satisfied,Yes,"Easier to focus, Better access to facilities (labs, libraries, etc.)",Satisfied,Good,Agree,Offline,Offline
11/15/2024 16:22:30,Undergraduate,Female,arts,Foreign (International) student,Part-time,Offline (In-person),Yes,"Flexibility in schedule, Avoiding travel/commute time","Convenience of location, Availability of courses, Prefer in-person exams and assessments",3,"Poor internet connection, Difficulty staying motivated, Technical difficulties",Sometimes,Satisfied,Yes,"Better interaction with instructors, Easier to focus, More engaging learning environment, Better access to facilities (labs, libraries, etc.)",Satisfied,Good,Agree,Offline,Offline
11/15/2024 16:23:37,Undergraduate,Female,arts,Foreign (International) student,Full-time,Online,Yes,"Cost, Avoiding travel/commute time","Face-to-face interaction with instructors and peers, Prefer in-person exams and assessments",4,"Poor internet connection, Technical difficulties",Sometimes,Satisfied,Yes,"Better interaction with instructors, More engaging learning environment, Better access to facilities (labs, libraries, etc.)",Neutral,Average,Neutral,Online,Online
11/15/2024 16:25:08,Graduate,Male,other,Foreign (International) student,Part-time,Online,Yes,"Flexibility in schedule, Availability of courses, Avoiding travel/commute time",Face-to-face interaction with instructors and peers,4,"Poor internet connection, Difficulty staying motivated",Rarely,Neutral,Yes,"Better interaction with instructors, Doubt clarity",Neutral,Good,Disagree,Offline,Offline
11/15/2024 16:25:13,High School,Male,business,Foreign (International) student,Part-time,Online,Yes,"Flexibility in schedule, Quality of education, Avoiding travel/commute time","Flexibility in schedule, Cost",4,"Technical difficulties, Doubts remain unclear",Sometimes,Satisfied,Yes,Easier to focus,Satisfied,Good,Strongly agree,Offline,Online
11/15/2024 16:29:32,High School,Male,science,Foreign (International) student,Not working,Online,Yes,"Flexibility in schedule, Convenience of location, Avoiding travel/commute time, ","Quality of education, Face-to-face interaction with instructors and peers, Availability of courses",5,"Poor internet connection, Technical difficulties",Sometimes,Satisfied,Yes,"Easier to focus, More engaging learning environment, Better access to facilities (labs, libraries, etc.)",Very satisfied,Average,Neutral,Online,Online
11/15/2024 16:41:17,Graduate,Female,engineering,Domestic student,Not working,Online,No,Availability of courses,Cost,3,Doubts remain unclear,Sometimes,Very satisfied,Yes,Easier to focus,Very satisfied,Excellent,Strongly agree,Online,Online
11/15/2024 16:46:05,Undergraduate,Male,commerce,Foreign (International) student,Part-time,Offline (In-person),Yes,"Flexibility in schedule, Avoiding travel/commute time","Quality of education, Face-to-face interaction with instructors and peers, Availability of courses, Prefer in-person exams and assessments",2,"Poor internet connection, Lack of interaction with peers, Difficulty staying motivated, Technical difficulties, Lack of access to course materials",Sometimes,Satisfied,Yes,"Better interaction with instructors, Easier to focus, More engaging learning environment, Better access to facilities (labs, libraries, etc.)",Satisfied,Good,Agree,Offline,Offline
11/15/2024 16:53:22,Graduate,Male,engineering,Foreign (International) student,Part-time,Offline (In-person),Yes,Convenience of location,Convenience of location,2,"Lack of interaction with peers, Difficulty staying motivated, Doubts remain unclear",Rarely,Neutral,No,"Better interaction with instructors, Easier to focus, More engaging learning environment, Better access to facilities (labs, libraries, etc.), More structured schedule, Doubt clarity",Very satisfied,Excellent,Strongly agree,Offline,Offline
11/15/2024 17:28:31,Graduate,Male,commerce,Foreign (International) student,Part-time,Offline (In-person),No,Flexibility in schedule,"Quality of education, Face-to-face interaction with instructors and peers",4,"Poor internet connection, Difficulty staying motivated",Rarely,Neutral,No,"Better interaction with instructors, More engaging learning environment",Satisfied,Good,Agree,Offline,Offline
11/15/2024 17:46:04,Graduate,Male,business,Foreign (International) student,Part-time,Offline (In-person),Yes,"Flexibility in schedule, Convenience of location",Flexibility in schedule,4,Lack of interaction with peers,Very often,Very satisfied,Yes,Doubt clarity,Very satisfied,Good,Strongly agree,Online,Online
11/15/2024 18:13:03,Undergraduate,Female,arts,Foreign (International) student,Part-time,Online,Yes,"Flexibility in schedule, Avoiding travel/commute time","Quality of education, Face-to-face interaction with instructors and peers",3,"Poor internet connection, Technical difficulties",Sometimes,Satisfied,Yes,"Easier to focus, More engaging learning environment",Neutral,Good,Agree,Online,Online
11/15/2024 18:16:42,Graduate,Male,engineering,Foreign (International) student,Not working,Offline (In-person),Yes,"Flexibility in schedule, Avoiding travel/commute time","Quality of education, Face-to-face interaction with instructors and peers, Availability of courses, Prefer in-person exams and assessments",4,"Poor internet connection, Difficulty staying motivated, Technical difficulties",Sometimes,Neutral,No,"Better interaction with instructors, Easier to focus, More engaging learning environment, Better access to facilities (labs, libraries, etc.)",Very satisfied,Excellent,Agree,Offline,Offline
11/15/2024 18:17:49,Undergraduate,Female,business,Foreign (International) student,Part-time,Offline (In-person),Yes,"Flexibility in schedule, Avoiding travel/commute time","Quality of education, Face-to-face interaction with instructors and peers, Prefer in-person exams and assessments",3,"Poor internet connection, Technical difficulties",Sometimes,Neutral,No,"Better interaction with instructors, More engaging learning environment, Better access to facilities (labs, libraries, etc.)",Satisfied,Good,Agree,Offline,Offline
11/15/2024 18:21:32,Undergraduate,Male,information & technology,Foreign (International) student,Part-time,Offline (In-person),No,"Flexibility in schedule, Cost, Convenience of location, Quality of education, Interaction with peers/instructors, Availability of courses, Avoiding travel/commute time, ","Flexibility in schedule, Cost, Convenience of location, Quality of education, Face-to-face interaction with instructors and peers, Availability of courses, Prefer in-person exams and assessments, ",5,"Poor internet connection, Lack of interaction with peers, Difficulty staying motivated, Technical difficulties, Lack of access to course materials, Doubts remain unclear, ",Sometimes,Satisfied,No,"Better interaction with instructors, Easier to focus, More engaging learning environment, Better access to facilities (labs, libraries, etc.), More structured schedule, Doubt clarity, ",Very satisfied,Excellent,Strongly agree,Offline,Offline
11/15/2024 19:13:08,Graduate,Male,engineering,Foreign (International) student,Part-time,Offline (In-person),Yes,"Flexibility in schedule, Cost, Availability of courses, Avoiding travel/commute time","Flexibility in schedule, Cost",2,"Poor internet connection, Lack of interaction with peers, Difficulty staying motivated, Technical difficulties, Lack of access to course materials, Doubts remain unclear",Sometimes,Neutral,Yes,More structured schedule,Neutral,Average,Neutral,Offline,Offline
11/15/2024 19:13:46,Graduate,Male,engineering,Foreign (International) student,Part-time,Online,Yes,"Flexibility in schedule, Convenience of location, Interaction with peers/instructors, Availability of courses, Avoiding travel/commute time","Quality of education, Face-to-face interaction with instructors and peers",4,Difficulty staying motivated,Rarely,Neutral,Yes,"Better interaction with instructors, Easier to focus, More engaging learning environment",Satisfied,Excellent,Neutral,Online,Online
11/15/2024 19:14:20,Graduate,Male,engineering,Foreign (International) student,Part-time,Online,Yes,"Flexibility in schedule, Cost, Convenience of location, Interaction with peers/instructors","Flexibility in schedule, Cost",3,"Poor internet connection, Lack of interaction with peers",Sometimes,Neutral,Yes,"Better interaction with instructors, More structured schedule",Neutral,Average,Neutral,Offline,Offline
11/15/2024 19:15:30,Graduate,Male,engineering,Foreign (International) student,Part-time,Online,Yes,"Flexibility in schedule, Quality of education, Interaction with peers/instructors, Avoiding travel/commute time","Quality of education, Face-to-face interaction with instructors and peers",4,"Lack of interaction with peers, Difficulty staying motivated",Rarely,Neutral,Yes,"Better interaction with instructors, Easier to focus, More engaging learning environment",Satisfied,Good,Agree,Online,Online
11/15/2024 20:09:04,Graduate,Female,engineering,Foreign (International) student,Part-time,Offline (In-person),Yes,"Flexibility in schedule, Quality of education","Face-to-face interaction with instructors and peers, Availability of courses, Prefer in-person exams and assessments",3,"Lack of interaction with peers, Difficulty staying motivated, Doubts remain unclear",Very often,Satisfied,No,"Better interaction with instructors, Easier to focus, More engaging learning environment, Better access to facilities (labs, libraries, etc.), Doubt clarity",Very satisfied,Excellent,Strongly agree,Offline,Offline
11/15/2024 21:11:31,Graduate,Male,engineering,Foreign (International) student,Full-time,Online,Yes,"Flexibility in schedule, Convenience of location, Avoiding travel/commute time","Cost, Convenience of location, Availability of courses",4,Lack of interaction with peers,Sometimes,Very satisfied,No,Easier to focus,Very satisfied,Excellent,Disagree,Online,Online
11/15/2024 22:28:46,Graduate,Female,science,Foreign (International) student,Not working,Offline (In-person),No,"Convenience of location, Avoiding travel/commute time","Flexibility in schedule, Quality of education, Face-to-face interaction with instructors and peers, Prefer in-person exams and assessments",3,"Poor internet connection, Lack of interaction with peers, Doubts remain unclear",Very often,Satisfied,Yes,"Better interaction with instructors, More engaging learning environment, Better access to facilities (labs, libraries, etc.)",Very satisfied,Excellent,Strongly agree,Offline,Offline
11/15/2024 22:41:04,Graduate,Male,engineering,Foreign (International) student,Part-time,Online,Yes,"Flexibility in schedule, Cost, Convenience of location, Quality of education","Flexibility in schedule, Convenience of location",5,"Poor internet connection, Lack of interaction with peers, Lack of access to course materials",Never,Very satisfied,Yes,Better interaction with instructors,Very satisfied,Excellent,Strongly agree,Online,Online
11/16/2024 1:18:37,Graduate,Male,information & technology,Foreign (International) student,Part-time,Online,Yes,"Flexibility in schedule, Avoiding travel/commute time",Face-to-face interaction with instructors and peers,5,Lack of access to course materials,Very often,Neutral,Yes,Better interaction with instructors,Neutral,Average,Neutral,Online,Online
11/16/2024 3:15:41,Graduate,Male,arts,Domestic student,Part-time,Offline (In-person),Yes,"Cost, Quality of education, Interaction with peers/instructors, Avoiding travel/commute time","Flexibility in schedule, Convenience of location, Face-to-face interaction with instructors and peers, Prefer in-person exams and assessments",4,"Poor internet connection, Difficulty staying motivated, Lack of access to course materials, Doubts remain unclear",Sometimes,Unsatisfied,Yes,"Easier to focus, More engaging learning environment, Better access to facilities (labs, libraries, etc.), More structured schedule, Doubt clarity",Satisfied,Excellent,Strongly agree,Online,Offline
